--------------------------------------------------------
--  INSERT Fahrrad DB
--------------------------------------------------------
--------------------------------------------------------
--  Insert into ABTEILUNGEN
--------------------------------------------------------
Insert into ABTEILUNGEN (ABT_NR,LEITER,NAME,ORT) values ('1','1','Geschaftsführung','Köln');
Insert into ABTEILUNGEN (ABT_NR,LEITER,NAME,ORT) values ('2','2','Produktion','Lindlar');
Insert into ABTEILUNGEN (ABT_NR,LEITER,NAME,ORT) values ('3','3','Vertrieb','Dortmund');
Insert into ABTEILUNGEN (ABT_NR,LEITER,NAME,ORT) values ('4','4','Einkauf','Lindlar');
Insert into ABTEILUNGEN (ABT_NR,LEITER,NAME,ORT) values ('5','5','Arbeitsvorbereitung','Lindlar');
Insert into ABTEILUNGEN (ABT_NR,LEITER,NAME,ORT) values ('6','6','Datenverarbeitung','Köln');
--------------------------------------------------------
--  Insert into ANGESTELLTE
--------------------------------------------------------
Insert into ANGESTELLTE (ANG_NR,ABT_NR,AUFGABENBESCHREIBUNG,BERUF,NACHNAME,VORNAME,GESCHLECHT,EINTRITTSDATUM,GEHALT,ABZUEGE,ORT,STRASSE,ZEITSTEMPEL) values ('1','1','Manchmal sind die Frauen Chef','Betriebswirt','Müller','Josefine','w',to_date('01.02.91','DD.MM.RR'),'10000','3400','Köln','Memelerstr.',to_date('13.03.02','DD.MM.RR'));
Insert into ANGESTELLTE (ANG_NR,ABT_NR,AUFGABENBESCHREIBUNG,BERUF,NACHNAME,VORNAME,GESCHLECHT,EINTRITTSDATUM,GEHALT,ABZUEGE,ORT,STRASSE,ZEITSTEMPEL) values ('2','2','Fehlt noch','Mathematiker','Fama','Hans','m',to_date('07.05.91','DD.MM.RR'),'9000','2300','Gummersbach','Inselweg',to_date('13.03.02','DD.MM.RR'));
Insert into ANGESTELLTE (ANG_NR,ABT_NR,AUFGABENBESCHREIBUNG,BERUF,NACHNAME,VORNAME,GESCHLECHT,EINTRITTSDATUM,GEHALT,ABZUEGE,ORT,STRASSE,ZEITSTEMPEL) values ('3','3','Fehlt noch','Betriebswirt','Heck','Iris','w',to_date('06.07.88','DD.MM.RR'),'7500','3000','Gummersbach','Kaiserstr',to_date('13.03.02','DD.MM.RR'));
Insert into ANGESTELLTE (ANG_NR,ABT_NR,AUFGABENBESCHREIBUNG,BERUF,NACHNAME,VORNAME,GESCHLECHT,EINTRITTSDATUM,GEHALT,ABZUEGE,ORT,STRASSE,ZEITSTEMPEL) values ('4','4','Fehlt noch','Kaufmann','Schmidt','Otto','m',to_date('01.07.95','DD.MM.RR'),'6500','2000','Leverkusen','Netzestr.',to_date('13.03.02','DD.MM.RR'));
Insert into ANGESTELLTE (ANG_NR,ABT_NR,AUFGABENBESCHREIBUNG,BERUF,NACHNAME,VORNAME,GESCHLECHT,EINTRITTSDATUM,GEHALT,ABZUEGE,ORT,STRASSE,ZEITSTEMPEL) values ('5','5','Fehlt noch','Informatiker','Weber','Anna','w',to_date('01.06.95','DD.MM.RR'),'6600','2000','Leverkusen','Quarzstr.',to_date('13.03.02','DD.MM.RR'));
Insert into ANGESTELLTE (ANG_NR,ABT_NR,AUFGABENBESCHREIBUNG,BERUF,NACHNAME,VORNAME,GESCHLECHT,EINTRITTSDATUM,GEHALT,ABZUEGE,ORT,STRASSE,ZEITSTEMPEL) values ('6','6','Fehlt noch','Informatiker','Frisch','Paul','m',to_date('01.06.99','DD.MM.RR'),'5000','2000','Bergisch Gladbach','Grubenfeld',to_date('13.03.02','DD.MM.RR'));
Insert into ANGESTELLTE (ANG_NR,ABT_NR,AUFGABENBESCHREIBUNG,BERUF,NACHNAME,VORNAME,GESCHLECHT,EINTRITTSDATUM,GEHALT,ABZUEGE,ORT,STRASSE,ZEITSTEMPEL) values ('7','6','Fehlt noch','Informatiker','Frisch','Paula','w',to_date('01.03.93','DD.MM.RR'),'5000','2100','Bergisch Gladbach','Grubenfeld',to_date('13.03.02','DD.MM.RR'));
Insert into ANGESTELLTE (ANG_NR,ABT_NR,AUFGABENBESCHREIBUNG,BERUF,NACHNAME,VORNAME,GESCHLECHT,EINTRITTSDATUM,GEHALT,ABZUEGE,ORT,STRASSE,ZEITSTEMPEL) values ('26','2','Fehlt noch','Kaufmann','Schneider','Ernst','m',to_date('01.06.95','DD.MM.RR'),'4000','2000','Bergisch Gladbach','Falkenstr.',to_date('13.03.02','DD.MM.RR'));
Insert into ANGESTELLTE (ANG_NR,ABT_NR,AUFGABENBESCHREIBUNG,BERUF,NACHNAME,VORNAME,GESCHLECHT,EINTRITTSDATUM,GEHALT,ABZUEGE,ORT,STRASSE,ZEITSTEMPEL) values ('8','2','Fehlt noch','Informatiker','Weber','Anna','w',to_date('01.06.95','DD.MM.RR'),'3700','1500','Bergisch Gladbach','Burgstr.',to_date('13.03.02','DD.MM.RR'));
Insert into ANGESTELLTE (ANG_NR,ABT_NR,AUFGABENBESCHREIBUNG,BERUF,NACHNAME,VORNAME,GESCHLECHT,EINTRITTSDATUM,GEHALT,ABZUEGE,ORT,STRASSE,ZEITSTEMPEL) values ('9','2','Fehlt noch','Ingenieur','Falser','Jonas','m',to_date('01.06.95','DD.MM.RR'),'3600','1500','Bergisch Gladbach','Burgstr.',to_date('13.03.02','DD.MM.RR'));
Insert into ANGESTELLTE (ANG_NR,ABT_NR,AUFGABENBESCHREIBUNG,BERUF,NACHNAME,VORNAME,GESCHLECHT,EINTRITTSDATUM,GEHALT,ABZUEGE,ORT,STRASSE,ZEITSTEMPEL) values ('10','2','Fehlt noch','Schreibkraft','Wanne','Erna','w',to_date('01.06.95','DD.MM.RR'),'500','10','Bergisch Gladbach','Erntestr.',to_date('13.03.02','DD.MM.RR'));
Insert into ANGESTELLTE (ANG_NR,ABT_NR,AUFGABENBESCHREIBUNG,BERUF,NACHNAME,VORNAME,GESCHLECHT,EINTRITTSDATUM,GEHALT,ABZUEGE,ORT,STRASSE,ZEITSTEMPEL) values ('11','2','Fehlt noch','Elektriker','Brunn','Ilse','w',to_date('01.01.95','DD.MM.RR'),'3600','1500','Bergisch Gladbach','Fichtenweg',to_date('13.03.02','DD.MM.RR'));
Insert into ANGESTELLTE (ANG_NR,ABT_NR,AUFGABENBESCHREIBUNG,BERUF,NACHNAME,VORNAME,GESCHLECHT,EINTRITTSDATUM,GEHALT,ABZUEGE,ORT,STRASSE,ZEITSTEMPEL) values ('12','3','Fehlt noch','Ingenieur','Brater','Willi','m',to_date('01.01.97','DD.MM.RR'),'4600','1500','Dortmund','Bedastr.',to_date('13.03.02','DD.MM.RR'));
Insert into ANGESTELLTE (ANG_NR,ABT_NR,AUFGABENBESCHREIBUNG,BERUF,NACHNAME,VORNAME,GESCHLECHT,EINTRITTSDATUM,GEHALT,ABZUEGE,ORT,STRASSE,ZEITSTEMPEL) values ('14','3','Fehlt noch','Schreibkraft','Bille','Max','m',to_date('01.01.93','DD.MM.RR'),'610','30','Dortmund','Plutostr.',to_date('13.03.02','DD.MM.RR'));
Insert into ANGESTELLTE (ANG_NR,ABT_NR,AUFGABENBESCHREIBUNG,BERUF,NACHNAME,VORNAME,GESCHLECHT,EINTRITTSDATUM,GEHALT,ABZUEGE,ORT,STRASSE,ZEITSTEMPEL) values ('15','4','Fehlt noch','Kaufmann','Wahn','Thorsten','m',to_date('01.01.94','DD.MM.RR'),'3610','1030','Gladbeck','Weserstr.',to_date('13.03.02','DD.MM.RR'));
Insert into ANGESTELLTE (ANG_NR,ABT_NR,AUFGABENBESCHREIBUNG,BERUF,NACHNAME,VORNAME,GESCHLECHT,EINTRITTSDATUM,GEHALT,ABZUEGE,ORT,STRASSE,ZEITSTEMPEL) values ('16','4','Fehlt noch','Kaufmann','Wuton','Petra','w',to_date('01.01.94','DD.MM.RR'),'4610','1230','Gladbeck','Triebstr.',to_date('13.03.02','DD.MM.RR'));
Insert into ANGESTELLTE (ANG_NR,ABT_NR,AUFGABENBESCHREIBUNG,BERUF,NACHNAME,VORNAME,GESCHLECHT,EINTRITTSDATUM,GEHALT,ABZUEGE,ORT,STRASSE,ZEITSTEMPEL) values ('17','5','Fehlt noch','Kaufmann','Glatt','Lucas','m',to_date('01.01.94','DD.MM.RR'),'5200','2230','Gladbeck','Alfredstr.',to_date('13.03.02','DD.MM.RR'));
Insert into ANGESTELLTE (ANG_NR,ABT_NR,AUFGABENBESCHREIBUNG,BERUF,NACHNAME,VORNAME,GESCHLECHT,EINTRITTSDATUM,GEHALT,ABZUEGE,ORT,STRASSE,ZEITSTEMPEL) values ('18','5','Fehlt noch','Kaufmann','Gotte','Barbara','w',to_date('01.01.94','DD.MM.RR'),'5500','3230','Gladbeck','Saarlandstr.',to_date('13.03.02','DD.MM.RR'));
Insert into ANGESTELLTE (ANG_NR,ABT_NR,AUFGABENBESCHREIBUNG,BERUF,NACHNAME,VORNAME,GESCHLECHT,EINTRITTSDATUM,GEHALT,ABZUEGE,ORT,STRASSE,ZEITSTEMPEL) values ('19','5','Fehlt noch','Kaufmann','Kall','Holger','m',to_date('01.01.94','DD.MM.RR'),'4500','3230','Gladbeck','Talstr.',to_date('13.03.02','DD.MM.RR'));
Insert into ANGESTELLTE (ANG_NR,ABT_NR,AUFGABENBESCHREIBUNG,BERUF,NACHNAME,VORNAME,GESCHLECHT,EINTRITTSDATUM,GEHALT,ABZUEGE,ORT,STRASSE,ZEITSTEMPEL) values ('20','6','Fehlt noch','Informatiker','Käse','Franz','m',to_date('01.01.97','DD.MM.RR'),'4500','3230','Gladbeck','Talstr.',to_date('13.03.02','DD.MM.RR'));
Insert into ANGESTELLTE (ANG_NR,ABT_NR,AUFGABENBESCHREIBUNG,BERUF,NACHNAME,VORNAME,GESCHLECHT,EINTRITTSDATUM,GEHALT,ABZUEGE,ORT,STRASSE,ZEITSTEMPEL) values ('21','6','Fehlt noch','Informatiker','Kussmann','Anna','w',to_date('01.01.97','DD.MM.RR'),'4500','3230','Gladbeck','Unterhof',to_date('13.03.02','DD.MM.RR'));
Insert into ANGESTELLTE (ANG_NR,ABT_NR,AUFGABENBESCHREIBUNG,BERUF,NACHNAME,VORNAME,GESCHLECHT,EINTRITTSDATUM,GEHALT,ABZUEGE,ORT,STRASSE,ZEITSTEMPEL) values ('22','6','Fehlt noch','Informatiker','Bold','Leo','m',to_date('01.01.97','DD.MM.RR'),'3500','3230','Gladbeck','Thomastr.',to_date('13.03.02','DD.MM.RR'));
Insert into ANGESTELLTE (ANG_NR,ABT_NR,AUFGABENBESCHREIBUNG,BERUF,NACHNAME,VORNAME,GESCHLECHT,EINTRITTSDATUM,GEHALT,ABZUEGE,ORT,STRASSE,ZEITSTEMPEL) values ('23','6','Fehlt noch','Informatiker','Butz','Max','m',to_date('01.01.98','DD.MM.RR'),'3500','3230','Gladbeck','Unterhof',to_date('13.03.02','DD.MM.RR'));
Insert into ANGESTELLTE (ANG_NR,ABT_NR,AUFGABENBESCHREIBUNG,BERUF,NACHNAME,VORNAME,GESCHLECHT,EINTRITTSDATUM,GEHALT,ABZUEGE,ORT,STRASSE,ZEITSTEMPEL) values ('25','2','Fehlt noch','Betriebswirt','Barthels','Isabel','w',to_date('01.01.95','DD.MM.RR'),'3500','3230','Gladbeck','Schildberg',to_date('13.03.02','DD.MM.RR'));
Insert into ANGESTELLTE (ANG_NR,ABT_NR,AUFGABENBESCHREIBUNG,BERUF,NACHNAME,VORNAME,GESCHLECHT,EINTRITTSDATUM,GEHALT,ABZUEGE,ORT,STRASSE,ZEITSTEMPEL) values ('24','2','Fehlt noch','Montieur','Schmidt','Hugo','m',to_date('01.01.98','DD.MM.RR'),'3500','3230','Gladbeck','Roonstr.',to_date('13.03.02','DD.MM.RR'));
Insert into ANGESTELLTE (ANG_NR,ABT_NR,AUFGABENBESCHREIBUNG,BERUF,NACHNAME,VORNAME,GESCHLECHT,EINTRITTSDATUM,GEHALT,ABZUEGE,ORT,STRASSE,ZEITSTEMPEL) values ('13','3','Fehlt noch','Ingenieur','Baer','Susanne','w',to_date('15.12.10','DD.MM.RR'),'4800','1500','Dortmund','Prellerstr.',null);
Insert into ANGESTELLTE (ANG_NR,ABT_NR,AUFGABENBESCHREIBUNG,BERUF,NACHNAME,VORNAME,GESCHLECHT,EINTRITTSDATUM,GEHALT,ABZUEGE,ORT,STRASSE,ZEITSTEMPEL) values ('27','3','Fehlt noch','Schreibkraft','Budar','Hermann','m',to_date('01.01.96','DD.MM.RR'),'2800','1500','Dortmund','Planckstr.',null);
--------------------------------------------------------
--  Insert into WERKE
--------------------------------------------------------
Insert into WERKE (WNR,BEZEICHNUNG,ORT,STRASSE) values ('1','Montagewerk','Gladbeck','Adlerstr.');
Insert into WERKE (WNR,BEZEICHNUNG,ORT,STRASSE) values ('2','Vorfertigung','Gladbeck','Am Pferdekamp');
--------------------------------------------------------
--  Insert into TEILE
--------------------------------------------------------
Insert into TEILE (TNR,ME,BEZEICHNUNG,TYP,HERSTELLKOSTEN,EINKAUFSPREIS,MINDESTBESTAND,BESTAND,LIEFERZEIT,HERSTELLDAUER,GEWICHT,RESERVIERT,VERFUEGBAR,ZEITSTEMPEL) values ('1','Stück','Rocky Mountain Element Race','Artikel','2600','0','10','8000','20','20','2','0','0',to_date('15.12.10','DD.MM.RR'));
Insert into TEILE (TNR,ME,BEZEICHNUNG,TYP,HERSTELLKOSTEN,EINKAUFSPREIS,MINDESTBESTAND,BESTAND,LIEFERZEIT,HERSTELLDAUER,GEWICHT,RESERVIERT,VERFUEGBAR,ZEITSTEMPEL) values ('2','Stück','Rahmen Element Race','Baugruppe','300','0','10','10','10','10','1','0','0',to_date('15.12.10','DD.MM.RR'));
Insert into TEILE (TNR,ME,BEZEICHNUNG,TYP,HERSTELLKOSTEN,EINKAUFSPREIS,MINDESTBESTAND,BESTAND,LIEFERZEIT,HERSTELLDAUER,GEWICHT,RESERVIERT,VERFUEGBAR,ZEITSTEMPEL) values ('3','kg','Silberfarbe','Material','0','2','10','10','10','10','1','0','0',to_date('15.12.10','DD.MM.RR'));
Insert into TEILE (TNR,ME,BEZEICHNUNG,TYP,HERSTELLKOSTEN,EINKAUFSPREIS,MINDESTBESTAND,BESTAND,LIEFERZEIT,HERSTELLDAUER,GEWICHT,RESERVIERT,VERFUEGBAR,ZEITSTEMPEL) values ('4','kg','Sintermetall','Material','0','5','10','10','10','10','1','0','0',to_date('15.12.10','DD.MM.RR'));
Insert into TEILE (TNR,ME,BEZEICHNUNG,TYP,HERSTELLKOSTEN,EINKAUFSPREIS,MINDESTBESTAND,BESTAND,LIEFERZEIT,HERSTELLDAUER,GEWICHT,RESERVIERT,VERFUEGBAR,ZEITSTEMPEL) values ('5','Stück','Gabel SID XC','Material','0','1230','10','10','10','10','1','0','0',to_date('15.12.10','DD.MM.RR'));
Insert into TEILE (TNR,ME,BEZEICHNUNG,TYP,HERSTELLKOSTEN,EINKAUFSPREIS,MINDESTBESTAND,BESTAND,LIEFERZEIT,HERSTELLDAUER,GEWICHT,RESERVIERT,VERFUEGBAR,ZEITSTEMPEL) values ('24','Stück','Tretlager Race Face','Material','0','18','10','10','10','10','1','0','0',to_date('15.12.10','DD.MM.RR'));
Insert into TEILE (TNR,ME,BEZEICHNUNG,TYP,HERSTELLKOSTEN,EINKAUFSPREIS,MINDESTBESTAND,BESTAND,LIEFERZEIT,HERSTELLDAUER,GEWICHT,RESERVIERT,VERFUEGBAR,ZEITSTEMPEL) values ('7','Stück','Kurbelsatz Race Face','Material','0','18','10','10','10','10','1','0','0',to_date('15.12.10','DD.MM.RR'));
Insert into TEILE (TNR,ME,BEZEICHNUNG,TYP,HERSTELLKOSTEN,EINKAUFSPREIS,MINDESTBESTAND,BESTAND,LIEFERZEIT,HERSTELLDAUER,GEWICHT,RESERVIERT,VERFUEGBAR,ZEITSTEMPEL) values ('8','Stück','Schaltwerk XTR','Material','0','150','10','10','10','10','1','0','0',to_date('15.12.10','DD.MM.RR'));
Insert into TEILE (TNR,ME,BEZEICHNUNG,TYP,HERSTELLKOSTEN,EINKAUFSPREIS,MINDESTBESTAND,BESTAND,LIEFERZEIT,HERSTELLDAUER,GEWICHT,RESERVIERT,VERFUEGBAR,ZEITSTEMPEL) values ('9','Stück','Pedale Shimano 747','Material','0','5','10','10','10','10','1','0','0',to_date('15.12.10','DD.MM.RR'));
Insert into TEILE (TNR,ME,BEZEICHNUNG,TYP,HERSTELLKOSTEN,EINKAUFSPREIS,MINDESTBESTAND,BESTAND,LIEFERZEIT,HERSTELLDAUER,GEWICHT,RESERVIERT,VERFUEGBAR,ZEITSTEMPEL) values ('10','Stück','Schalthebel Grip Shift','Material','0','79','10','10','10','10','1','0','0',to_date('15.12.10','DD.MM.RR'));
Insert into TEILE (TNR,ME,BEZEICHNUNG,TYP,HERSTELLKOSTEN,EINKAUFSPREIS,MINDESTBESTAND,BESTAND,LIEFERZEIT,HERSTELLDAUER,GEWICHT,RESERVIERT,VERFUEGBAR,ZEITSTEMPEL) values ('11','Stück','Rad xtr','Baugruppe','50','0','10','10','10','10','1','0','0',to_date('15.12.10','DD.MM.RR'));
Insert into TEILE (TNR,ME,BEZEICHNUNG,TYP,HERSTELLKOSTEN,EINKAUFSPREIS,MINDESTBESTAND,BESTAND,LIEFERZEIT,HERSTELLDAUER,GEWICHT,RESERVIERT,VERFUEGBAR,ZEITSTEMPEL) values ('12','Stück','Naben Mavic Crossmax','Material','0','0.5','10','10','10','10','1','0','0',to_date('15.12.10','DD.MM.RR'));
Insert into TEILE (TNR,ME,BEZEICHNUNG,TYP,HERSTELLKOSTEN,EINKAUFSPREIS,MINDESTBESTAND,BESTAND,LIEFERZEIT,HERSTELLDAUER,GEWICHT,RESERVIERT,VERFUEGBAR,ZEITSTEMPEL) values ('13','Stück','Felgen Mavic Crossmax','Material','0','0.6','10','10','10','10','1','0','0',to_date('15.12.10','DD.MM.RR'));
Insert into TEILE (TNR,ME,BEZEICHNUNG,TYP,HERSTELLKOSTEN,EINKAUFSPREIS,MINDESTBESTAND,BESTAND,LIEFERZEIT,HERSTELLDAUER,GEWICHT,RESERVIERT,VERFUEGBAR,ZEITSTEMPEL) values ('14','Stück','Speichen Mavic Crossmax','Material','0','0.5','10','10','10','10','1','0','0',to_date('15.12.10','DD.MM.RR'));
Insert into TEILE (TNR,ME,BEZEICHNUNG,TYP,HERSTELLKOSTEN,EINKAUFSPREIS,MINDESTBESTAND,BESTAND,LIEFERZEIT,HERSTELLDAUER,GEWICHT,RESERVIERT,VERFUEGBAR,ZEITSTEMPEL) values ('15','Stück','Bereifung Richtey, Vo: Z-Max ','Material','0','22','10','10','10','10','1','0','0',to_date('15.12.10','DD.MM.RR'));
Insert into TEILE (TNR,ME,BEZEICHNUNG,TYP,HERSTELLKOSTEN,EINKAUFSPREIS,MINDESTBESTAND,BESTAND,LIEFERZEIT,HERSTELLDAUER,GEWICHT,RESERVIERT,VERFUEGBAR,ZEITSTEMPEL) values ('16','Stück','Steuersatz Chris King','Material','0','28','10','10','10','10','1','0','0',to_date('15.12.10','DD.MM.RR'));
Insert into TEILE (TNR,ME,BEZEICHNUNG,TYP,HERSTELLKOSTEN,EINKAUFSPREIS,MINDESTBESTAND,BESTAND,LIEFERZEIT,HERSTELLDAUER,GEWICHT,RESERVIERT,VERFUEGBAR,ZEITSTEMPEL) values ('17','Stück','Vorbau Control Tech','Material','0','28','10','10','10','10','1','0','0',to_date('15.12.10','DD.MM.RR'));
Insert into TEILE (TNR,ME,BEZEICHNUNG,TYP,HERSTELLKOSTEN,EINKAUFSPREIS,MINDESTBESTAND,BESTAND,LIEFERZEIT,HERSTELLDAUER,GEWICHT,RESERVIERT,VERFUEGBAR,ZEITSTEMPEL) values ('18','Stück','Lenker Answer Hyperlite','Material','0','109','10','10','10','10','1','0','0',to_date('15.12.10','DD.MM.RR'));
Insert into TEILE (TNR,ME,BEZEICHNUNG,TYP,HERSTELLKOSTEN,EINKAUFSPREIS,MINDESTBESTAND,BESTAND,LIEFERZEIT,HERSTELLDAUER,GEWICHT,RESERVIERT,VERFUEGBAR,ZEITSTEMPEL) values ('19','Stück','Griffe LGrip Shift ','Material','0','10','10','10','10','10','1','0','0',to_date('15.12.10','DD.MM.RR'));
Insert into TEILE (TNR,ME,BEZEICHNUNG,TYP,HERSTELLKOSTEN,EINKAUFSPREIS,MINDESTBESTAND,BESTAND,LIEFERZEIT,HERSTELLDAUER,GEWICHT,RESERVIERT,VERFUEGBAR,ZEITSTEMPEL) values ('20','Stück','Bremshebel XTR','Material','0','11','10','10','10','10','1','0','0',to_date('15.12.10','DD.MM.RR'));
Insert into TEILE (TNR,ME,BEZEICHNUNG,TYP,HERSTELLKOSTEN,EINKAUFSPREIS,MINDESTBESTAND,BESTAND,LIEFERZEIT,HERSTELLDAUER,GEWICHT,RESERVIERT,VERFUEGBAR,ZEITSTEMPEL) values ('21','Stück','Bremsen XTR','Material','0','110','10','10','10','10','1','0','0',to_date('15.12.10','DD.MM.RR'));
Insert into TEILE (TNR,ME,BEZEICHNUNG,TYP,HERSTELLKOSTEN,EINKAUFSPREIS,MINDESTBESTAND,BESTAND,LIEFERZEIT,HERSTELLDAUER,GEWICHT,RESERVIERT,VERFUEGBAR,ZEITSTEMPEL) values ('22','Stück','Sattel Flite','Material','0','60','10','10','10','10','1','0','0',to_date('15.12.10','DD.MM.RR'));
Insert into TEILE (TNR,ME,BEZEICHNUNG,TYP,HERSTELLKOSTEN,EINKAUFSPREIS,MINDESTBESTAND,BESTAND,LIEFERZEIT,HERSTELLDAUER,GEWICHT,RESERVIERT,VERFUEGBAR,ZEITSTEMPEL) values ('28','Stück','Bremse Shimano Alivio Cantilever ','Material','0','29','10','10','10','10','1','0','0',to_date('15.12.10','DD.MM.RR'));
Insert into TEILE (TNR,ME,BEZEICHNUNG,TYP,HERSTELLKOSTEN,EINKAUFSPREIS,MINDESTBESTAND,BESTAND,LIEFERZEIT,HERSTELLDAUER,GEWICHT,RESERVIERT,VERFUEGBAR,ZEITSTEMPEL) values ('23','Stück','Sattelstütze Syncros','Material','0','28','10','10','10','10','1','0','0',to_date('15.12.10','DD.MM.RR'));
Insert into TEILE (TNR,ME,BEZEICHNUNG,TYP,HERSTELLKOSTEN,EINKAUFSPREIS,MINDESTBESTAND,BESTAND,LIEFERZEIT,HERSTELLDAUER,GEWICHT,RESERVIERT,VERFUEGBAR,ZEITSTEMPEL) values ('25','Stück','Bremse Shimano XTR V-Brake ','Material','0','149','10','10','10','10','1','0','0',to_date('15.12.10','DD.MM.RR'));
Insert into TEILE (TNR,ME,BEZEICHNUNG,TYP,HERSTELLKOSTEN,EINKAUFSPREIS,MINDESTBESTAND,BESTAND,LIEFERZEIT,HERSTELLDAUER,GEWICHT,RESERVIERT,VERFUEGBAR,ZEITSTEMPEL) values ('26','Stück','GABEL TOP GUN ','Material','0','299','10','10','10','10','1','0','0',to_date('15.12.10','DD.MM.RR'));
Insert into TEILE (TNR,ME,BEZEICHNUNG,TYP,HERSTELLKOSTEN,EINKAUFSPREIS,MINDESTBESTAND,BESTAND,LIEFERZEIT,HERSTELLDAUER,GEWICHT,RESERVIERT,VERFUEGBAR,ZEITSTEMPEL) values ('27','Stück','Shimano STX-RC i','Material','0','69','10','10','10','10','1','0','0',to_date('15.12.10','DD.MM.RR'));
Insert into TEILE (TNR,ME,BEZEICHNUNG,TYP,HERSTELLKOSTEN,EINKAUFSPREIS,MINDESTBESTAND,BESTAND,LIEFERZEIT,HERSTELLDAUER,GEWICHT,RESERVIERT,VERFUEGBAR,ZEITSTEMPEL) values ('29','Stück','Rahmen Cannondale CAD3 Headshok','Material','0','1590','10','10','10','10','1','0','0',to_date('15.12.10','DD.MM.RR'));
Insert into TEILE (TNR,ME,BEZEICHNUNG,TYP,HERSTELLKOSTEN,EINKAUFSPREIS,MINDESTBESTAND,BESTAND,LIEFERZEIT,HERSTELLDAUER,GEWICHT,RESERVIERT,VERFUEGBAR,ZEITSTEMPEL) values ('30','Stück','Rahmen Super V','Material','0','2590','10','10','10','10','1','0','0',to_date('15.12.10','DD.MM.RR'));
Insert into TEILE (TNR,ME,BEZEICHNUNG,TYP,HERSTELLKOSTEN,EINKAUFSPREIS,MINDESTBESTAND,BESTAND,LIEFERZEIT,HERSTELLDAUER,GEWICHT,RESERVIERT,VERFUEGBAR,ZEITSTEMPEL) values ('31','Stück','Herrenrad GT-LTS 18','Artikel','3000','0','10','4000','20','20','2','0','0',to_date('15.12.10','DD.MM.RR'));
Insert into TEILE (TNR,ME,BEZEICHNUNG,TYP,HERSTELLKOSTEN,EINKAUFSPREIS,MINDESTBESTAND,BESTAND,LIEFERZEIT,HERSTELLDAUER,GEWICHT,RESERVIERT,VERFUEGBAR,ZEITSTEMPEL) values ('32','Stück','Rahmen GT-LTS 18"','Baugruppe','300','0','10','10','10','10','1','0','0',to_date('15.12.10','DD.MM.RR'));
Insert into TEILE (TNR,ME,BEZEICHNUNG,TYP,HERSTELLKOSTEN,EINKAUFSPREIS,MINDESTBESTAND,BESTAND,LIEFERZEIT,HERSTELLDAUER,GEWICHT,RESERVIERT,VERFUEGBAR,ZEITSTEMPEL) values ('33','kg','Vb-Farbe','Material','0','2','10','10','10','10','1','0','0',to_date('15.12.10','DD.MM.RR'));
Insert into TEILE (TNR,ME,BEZEICHNUNG,TYP,HERSTELLKOSTEN,EINKAUFSPREIS,MINDESTBESTAND,BESTAND,LIEFERZEIT,HERSTELLDAUER,GEWICHT,RESERVIERT,VERFUEGBAR,ZEITSTEMPEL) values ('34','kg','Aluminium','Material','0','8','10','10','10','10','1','0','0',to_date('15.12.10','DD.MM.RR'));
Insert into TEILE (TNR,ME,BEZEICHNUNG,TYP,HERSTELLKOSTEN,EINKAUFSPREIS,MINDESTBESTAND,BESTAND,LIEFERZEIT,HERSTELLDAUER,GEWICHT,RESERVIERT,VERFUEGBAR,ZEITSTEMPEL) values ('35','Stück','RST Hi-5','Material','0','30','10','10','10','10','1','0','0',to_date('15.12.10','DD.MM.RR'));
Insert into TEILE (TNR,ME,BEZEICHNUNG,TYP,HERSTELLKOSTEN,EINKAUFSPREIS,MINDESTBESTAND,BESTAND,LIEFERZEIT,HERSTELLDAUER,GEWICHT,RESERVIERT,VERFUEGBAR,ZEITSTEMPEL) values ('36','Stück','Race Face (TITAN)','Material','0','18','10','10','10','10','1','0','0',to_date('15.12.10','DD.MM.RR'));
Insert into TEILE (TNR,ME,BEZEICHNUNG,TYP,HERSTELLKOSTEN,EINKAUFSPREIS,MINDESTBESTAND,BESTAND,LIEFERZEIT,HERSTELLDAUER,GEWICHT,RESERVIERT,VERFUEGBAR,ZEITSTEMPEL) values ('37','Stück','Kurbelsatz Ritchey Logic','Material','0','19','10','10','10','10','1','0','0',to_date('15.12.10','DD.MM.RR'));
Insert into TEILE (TNR,ME,BEZEICHNUNG,TYP,HERSTELLKOSTEN,EINKAUFSPREIS,MINDESTBESTAND,BESTAND,LIEFERZEIT,HERSTELLDAUER,GEWICHT,RESERVIERT,VERFUEGBAR,ZEITSTEMPEL) values ('38','Stück','Schaltwerk XTR inverse','Material','0','252','10','10','10','10','1','0','0',to_date('15.12.10','DD.MM.RR'));
Insert into TEILE (TNR,ME,BEZEICHNUNG,TYP,HERSTELLKOSTEN,EINKAUFSPREIS,MINDESTBESTAND,BESTAND,LIEFERZEIT,HERSTELLDAUER,GEWICHT,RESERVIERT,VERFUEGBAR,ZEITSTEMPEL) values ('39','Stück','Pedale XT','Material','0','9','10','10','10','10','1','0','0',to_date('15.12.10','DD.MM.RR'));
Insert into TEILE (TNR,ME,BEZEICHNUNG,TYP,HERSTELLKOSTEN,EINKAUFSPREIS,MINDESTBESTAND,BESTAND,LIEFERZEIT,HERSTELLDAUER,GEWICHT,RESERVIERT,VERFUEGBAR,ZEITSTEMPEL) values ('40','Stück','Schalthebel Grip Shift 4','Material','0','9','10','10','10','10','1','0','0',to_date('15.12.10','DD.MM.RR'));
Insert into TEILE (TNR,ME,BEZEICHNUNG,TYP,HERSTELLKOSTEN,EINKAUFSPREIS,MINDESTBESTAND,BESTAND,LIEFERZEIT,HERSTELLDAUER,GEWICHT,RESERVIERT,VERFUEGBAR,ZEITSTEMPEL) values ('41','Stück','Rad XTR 47','Baugruppe','60','0','10','10','10','10','1','0','0',to_date('15.12.10','DD.MM.RR'));
Insert into TEILE (TNR,ME,BEZEICHNUNG,TYP,HERSTELLKOSTEN,EINKAUFSPREIS,MINDESTBESTAND,BESTAND,LIEFERZEIT,HERSTELLDAUER,GEWICHT,RESERVIERT,VERFUEGBAR,ZEITSTEMPEL) values ('42','Stück','Naben Inferno','Material','0','0.5','10','10','10','10','1','0','0',to_date('15.12.10','DD.MM.RR'));
Insert into TEILE (TNR,ME,BEZEICHNUNG,TYP,HERSTELLKOSTEN,EINKAUFSPREIS,MINDESTBESTAND,BESTAND,LIEFERZEIT,HERSTELLDAUER,GEWICHT,RESERVIERT,VERFUEGBAR,ZEITSTEMPEL) values ('43','Stück','Felgen Inferno','Material','0','0.6','10','10','10','10','1','0','0',to_date('15.12.10','DD.MM.RR'));
Insert into TEILE (TNR,ME,BEZEICHNUNG,TYP,HERSTELLKOSTEN,EINKAUFSPREIS,MINDESTBESTAND,BESTAND,LIEFERZEIT,HERSTELLDAUER,GEWICHT,RESERVIERT,VERFUEGBAR,ZEITSTEMPEL) values ('44','Stück','Speichen Mavic Crossmax','Material','0','0.5','10','10','10','10','1','0','0',to_date('15.12.10','DD.MM.RR'));
Insert into TEILE (TNR,ME,BEZEICHNUNG,TYP,HERSTELLKOSTEN,EINKAUFSPREIS,MINDESTBESTAND,BESTAND,LIEFERZEIT,HERSTELLDAUER,GEWICHT,RESERVIERT,VERFUEGBAR,ZEITSTEMPEL) values ('45','Stück','Bereifung Continental ','Material','0','22','10','10','10','10','1','0','0',to_date('15.12.10','DD.MM.RR'));
Insert into TEILE (TNR,ME,BEZEICHNUNG,TYP,HERSTELLKOSTEN,EINKAUFSPREIS,MINDESTBESTAND,BESTAND,LIEFERZEIT,HERSTELLDAUER,GEWICHT,RESERVIERT,VERFUEGBAR,ZEITSTEMPEL) values ('46','Stück','Steuersatz Race Face','Material','0','28','10','10','10','10','1','0','0',to_date('15.12.10','DD.MM.RR'));
Insert into TEILE (TNR,ME,BEZEICHNUNG,TYP,HERSTELLKOSTEN,EINKAUFSPREIS,MINDESTBESTAND,BESTAND,LIEFERZEIT,HERSTELLDAUER,GEWICHT,RESERVIERT,VERFUEGBAR,ZEITSTEMPEL) values ('47','Stück','Vorbau Syncros','Material','0','70','10','10','10','10','1','0','0',to_date('15.12.10','DD.MM.RR'));
Insert into TEILE (TNR,ME,BEZEICHNUNG,TYP,HERSTELLKOSTEN,EINKAUFSPREIS,MINDESTBESTAND,BESTAND,LIEFERZEIT,HERSTELLDAUER,GEWICHT,RESERVIERT,VERFUEGBAR,ZEITSTEMPEL) values ('48','Stück','Lenker Syncros (Downhill)','Material','0','140','10','10','10','10','1','0','0',to_date('15.12.10','DD.MM.RR'));
Insert into TEILE (TNR,ME,BEZEICHNUNG,TYP,HERSTELLKOSTEN,EINKAUFSPREIS,MINDESTBESTAND,BESTAND,LIEFERZEIT,HERSTELLDAUER,GEWICHT,RESERVIERT,VERFUEGBAR,ZEITSTEMPEL) values ('49','Stück','Griffe LGrip Shift ','Material','0','10','10','10','10','10','1','0','0',to_date('15.12.10','DD.MM.RR'));
Insert into TEILE (TNR,ME,BEZEICHNUNG,TYP,HERSTELLKOSTEN,EINKAUFSPREIS,MINDESTBESTAND,BESTAND,LIEFERZEIT,HERSTELLDAUER,GEWICHT,RESERVIERT,VERFUEGBAR,ZEITSTEMPEL) values ('50','Stück','Bremshebel TWP G-Force','Material','0','17','10','10','10','10','1','0','0',to_date('15.12.10','DD.MM.RR'));
Insert into TEILE (TNR,ME,BEZEICHNUNG,TYP,HERSTELLKOSTEN,EINKAUFSPREIS,MINDESTBESTAND,BESTAND,LIEFERZEIT,HERSTELLDAUER,GEWICHT,RESERVIERT,VERFUEGBAR,ZEITSTEMPEL) values ('51','Stück','Bremsen Magura Race Line','Material','0','150','10','10','10','10','1','0','0',to_date('15.12.10','DD.MM.RR'));
Insert into TEILE (TNR,ME,BEZEICHNUNG,TYP,HERSTELLKOSTEN,EINKAUFSPREIS,MINDESTBESTAND,BESTAND,LIEFERZEIT,HERSTELLDAUER,GEWICHT,RESERVIERT,VERFUEGBAR,ZEITSTEMPEL) values ('52','Stück','Sattel Selle Flite Titanium','Material','0','80','10','10','10','10','1','0','0',to_date('15.12.10','DD.MM.RR'));
Insert into TEILE (TNR,ME,BEZEICHNUNG,TYP,HERSTELLKOSTEN,EINKAUFSPREIS,MINDESTBESTAND,BESTAND,LIEFERZEIT,HERSTELLDAUER,GEWICHT,RESERVIERT,VERFUEGBAR,ZEITSTEMPEL) values ('53','Stück','Sattelstütze XTR','Material','0','30','10','10','10','10','1','0','0',to_date('15.12.10','DD.MM.RR'));
Insert into TEILE (TNR,ME,BEZEICHNUNG,TYP,HERSTELLKOSTEN,EINKAUFSPREIS,MINDESTBESTAND,BESTAND,LIEFERZEIT,HERSTELLDAUER,GEWICHT,RESERVIERT,VERFUEGBAR,ZEITSTEMPEL) values ('54','Stück','Klapprad Prompton P3','Artikel','0','1200','10','1000','10','10','0','0','0',to_date('15.12.10','DD.MM.RR'));
Insert into TEILE (TNR,ME,BEZEICHNUNG,TYP,HERSTELLKOSTEN,EINKAUFSPREIS,MINDESTBESTAND,BESTAND,LIEFERZEIT,HERSTELLDAUER,GEWICHT,RESERVIERT,VERFUEGBAR,ZEITSTEMPEL) values ('55','Stück','CANNONDALE FSL','Artikel','0','4200','10','2000','10','10','0','0','0',to_date('15.12.10','DD.MM.RR'));
Insert into TEILE (TNR,ME,BEZEICHNUNG,TYP,HERSTELLKOSTEN,EINKAUFSPREIS,MINDESTBESTAND,BESTAND,LIEFERZEIT,HERSTELLDAUER,GEWICHT,RESERVIERT,VERFUEGBAR,ZEITSTEMPEL) values ('56','Stück','HERCULES NEPAL','Artikel','0','1200','10','2000','10','10','0','0','0',to_date('15.12.10','DD.MM.RR'));
Insert into TEILE (TNR,ME,BEZEICHNUNG,TYP,HERSTELLKOSTEN,EINKAUFSPREIS,MINDESTBESTAND,BESTAND,LIEFERZEIT,HERSTELLDAUER,GEWICHT,RESERVIERT,VERFUEGBAR,ZEITSTEMPEL) values ('57','Stück','Steppenwolf TAO','Artikel','0','1600','10','2000','10','10','0','0','0',to_date('15.12.10','DD.MM.RR'));
Insert into TEILE (TNR,ME,BEZEICHNUNG,TYP,HERSTELLKOSTEN,EINKAUFSPREIS,MINDESTBESTAND,BESTAND,LIEFERZEIT,HERSTELLDAUER,GEWICHT,RESERVIERT,VERFUEGBAR,ZEITSTEMPEL) values ('58','Stück','SWITCHBACK AGENT','Artikel','0','599','10','2697','10','10','0','0','0',to_date('15.12.10','DD.MM.RR'));
Insert into TEILE (TNR,ME,BEZEICHNUNG,TYP,HERSTELLKOSTEN,EINKAUFSPREIS,MINDESTBESTAND,BESTAND,LIEFERZEIT,HERSTELLDAUER,GEWICHT,RESERVIERT,VERFUEGBAR,ZEITSTEMPEL) values ('59','Stück','STEVENS R.P.R.2 RX100 8FACH','Artikel','0','1700','10','10','10','10','0','0','0',to_date('15.12.10','DD.MM.RR'));
Insert into TEILE (TNR,ME,BEZEICHNUNG,TYP,HERSTELLKOSTEN,EINKAUFSPREIS,MINDESTBESTAND,BESTAND,LIEFERZEIT,HERSTELLDAUER,GEWICHT,RESERVIERT,VERFUEGBAR,ZEITSTEMPEL) values ('60','Stück','Scott ATACAMA TOUR','Artikel','0','1899','10','899','10','10','0','0','0',to_date('15.12.10','DD.MM.RR'));
Insert into TEILE (TNR,ME,BEZEICHNUNG,TYP,HERSTELLKOSTEN,EINKAUFSPREIS,MINDESTBESTAND,BESTAND,LIEFERZEIT,HERSTELLDAUER,GEWICHT,RESERVIERT,VERFUEGBAR,ZEITSTEMPEL) values ('61','Stück','ROTWILD RCC-03','Artikel','0','3280','10','1000','10','10','0','0','0',to_date('15.12.10','DD.MM.RR'));
Insert into TEILE (TNR,ME,BEZEICHNUNG,TYP,HERSTELLKOSTEN,EINKAUFSPREIS,MINDESTBESTAND,BESTAND,LIEFERZEIT,HERSTELLDAUER,GEWICHT,RESERVIERT,VERFUEGBAR,ZEITSTEMPEL) values ('62','Stück','Lenker','Baugruppe','0','280','10','10','10','10','0','0','0',to_date('15.12.10','DD.MM.RR'));
--------------------------------------------------------
--  Insert into TEILE_WERKE
--------------------------------------------------------
Insert into TEILE_WERKE (TNR,WNR) values ('2','1');
Insert into TEILE_WERKE (TNR,WNR) values ('2','2');
Insert into TEILE_WERKE (TNR,WNR) values ('11','1');
Insert into TEILE_WERKE (TNR,WNR) values ('32','1');
Insert into TEILE_WERKE (TNR,WNR) values ('41','1');
Insert into TEILE_WERKE (TNR,WNR) values ('41','2');
--------------------------------------------------------
--  Insert into STRUKTUR
--------------------------------------------------------
Insert into STRUKTUR (OTEIL,UTEIL,POSITION,MENGE,AUSSCHUSS,ARBEITSGANG,ZEITSTEMPEL) values ('1','2','1','1','0','0',to_date('15.12.10','DD.MM.RR'));
Insert into STRUKTUR (OTEIL,UTEIL,POSITION,MENGE,AUSSCHUSS,ARBEITSGANG,ZEITSTEMPEL) values ('2','3','2','10','0','0',to_date('15.12.10','DD.MM.RR'));
Insert into STRUKTUR (OTEIL,UTEIL,POSITION,MENGE,AUSSCHUSS,ARBEITSGANG,ZEITSTEMPEL) values ('2','4','3','20','0','0',to_date('15.12.10','DD.MM.RR'));
Insert into STRUKTUR (OTEIL,UTEIL,POSITION,MENGE,AUSSCHUSS,ARBEITSGANG,ZEITSTEMPEL) values ('1','5','4','1','0','0',to_date('15.12.10','DD.MM.RR'));
Insert into STRUKTUR (OTEIL,UTEIL,POSITION,MENGE,AUSSCHUSS,ARBEITSGANG,ZEITSTEMPEL) values ('1','24','5','1','0','0',to_date('15.12.10','DD.MM.RR'));
Insert into STRUKTUR (OTEIL,UTEIL,POSITION,MENGE,AUSSCHUSS,ARBEITSGANG,ZEITSTEMPEL) values ('1','7','6','1','0','0',to_date('15.12.10','DD.MM.RR'));
Insert into STRUKTUR (OTEIL,UTEIL,POSITION,MENGE,AUSSCHUSS,ARBEITSGANG,ZEITSTEMPEL) values ('1','8','7','1','0','0',to_date('15.12.10','DD.MM.RR'));
Insert into STRUKTUR (OTEIL,UTEIL,POSITION,MENGE,AUSSCHUSS,ARBEITSGANG,ZEITSTEMPEL) values ('1','9','8','2','0','0',to_date('15.12.10','DD.MM.RR'));
Insert into STRUKTUR (OTEIL,UTEIL,POSITION,MENGE,AUSSCHUSS,ARBEITSGANG,ZEITSTEMPEL) values ('1','10','9','1','0','0',to_date('15.12.10','DD.MM.RR'));
Insert into STRUKTUR (OTEIL,UTEIL,POSITION,MENGE,AUSSCHUSS,ARBEITSGANG,ZEITSTEMPEL) values ('1','11','10','1','0','0',to_date('15.12.10','DD.MM.RR'));
Insert into STRUKTUR (OTEIL,UTEIL,POSITION,MENGE,AUSSCHUSS,ARBEITSGANG,ZEITSTEMPEL) values ('1','16','11','1','0','0',to_date('15.12.10','DD.MM.RR'));
Insert into STRUKTUR (OTEIL,UTEIL,POSITION,MENGE,AUSSCHUSS,ARBEITSGANG,ZEITSTEMPEL) values ('1','17','12','1','0','0',to_date('15.12.10','DD.MM.RR'));
Insert into STRUKTUR (OTEIL,UTEIL,POSITION,MENGE,AUSSCHUSS,ARBEITSGANG,ZEITSTEMPEL) values ('1','18','13','1','0','0',to_date('15.12.10','DD.MM.RR'));
Insert into STRUKTUR (OTEIL,UTEIL,POSITION,MENGE,AUSSCHUSS,ARBEITSGANG,ZEITSTEMPEL) values ('1','19','14','1','0','0',to_date('15.12.10','DD.MM.RR'));
Insert into STRUKTUR (OTEIL,UTEIL,POSITION,MENGE,AUSSCHUSS,ARBEITSGANG,ZEITSTEMPEL) values ('1','20','15','1','0','0',to_date('15.12.10','DD.MM.RR'));
Insert into STRUKTUR (OTEIL,UTEIL,POSITION,MENGE,AUSSCHUSS,ARBEITSGANG,ZEITSTEMPEL) values ('1','21','16','1','0','0',to_date('15.12.10','DD.MM.RR'));
Insert into STRUKTUR (OTEIL,UTEIL,POSITION,MENGE,AUSSCHUSS,ARBEITSGANG,ZEITSTEMPEL) values ('1','22','17','1','0','0',to_date('15.12.10','DD.MM.RR'));
Insert into STRUKTUR (OTEIL,UTEIL,POSITION,MENGE,AUSSCHUSS,ARBEITSGANG,ZEITSTEMPEL) values ('1','23','18','1','0','0',to_date('15.12.10','DD.MM.RR'));
Insert into STRUKTUR (OTEIL,UTEIL,POSITION,MENGE,AUSSCHUSS,ARBEITSGANG,ZEITSTEMPEL) values ('11','12','1','50','0','0',to_date('15.12.10','DD.MM.RR'));
Insert into STRUKTUR (OTEIL,UTEIL,POSITION,MENGE,AUSSCHUSS,ARBEITSGANG,ZEITSTEMPEL) values ('11','13','2','50','0','0',to_date('15.12.10','DD.MM.RR'));
Insert into STRUKTUR (OTEIL,UTEIL,POSITION,MENGE,AUSSCHUSS,ARBEITSGANG,ZEITSTEMPEL) values ('11','14','3','50','0','0',to_date('15.12.10','DD.MM.RR'));
Insert into STRUKTUR (OTEIL,UTEIL,POSITION,MENGE,AUSSCHUSS,ARBEITSGANG,ZEITSTEMPEL) values ('11','15','4','2','0','0',to_date('15.12.10','DD.MM.RR'));
Insert into STRUKTUR (OTEIL,UTEIL,POSITION,MENGE,AUSSCHUSS,ARBEITSGANG,ZEITSTEMPEL) values ('31','32','1','1','0','0',to_date('15.12.10','DD.MM.RR'));
Insert into STRUKTUR (OTEIL,UTEIL,POSITION,MENGE,AUSSCHUSS,ARBEITSGANG,ZEITSTEMPEL) values ('32','33','2','10','0','0',to_date('15.12.10','DD.MM.RR'));
Insert into STRUKTUR (OTEIL,UTEIL,POSITION,MENGE,AUSSCHUSS,ARBEITSGANG,ZEITSTEMPEL) values ('32','34','3','20','0','0',to_date('15.12.10','DD.MM.RR'));
Insert into STRUKTUR (OTEIL,UTEIL,POSITION,MENGE,AUSSCHUSS,ARBEITSGANG,ZEITSTEMPEL) values ('31','35','4','1','0','0',to_date('15.12.10','DD.MM.RR'));
Insert into STRUKTUR (OTEIL,UTEIL,POSITION,MENGE,AUSSCHUSS,ARBEITSGANG,ZEITSTEMPEL) values ('31','44','5','1','0','0',to_date('15.12.10','DD.MM.RR'));
Insert into STRUKTUR (OTEIL,UTEIL,POSITION,MENGE,AUSSCHUSS,ARBEITSGANG,ZEITSTEMPEL) values ('31','37','6','1','0','0',to_date('15.12.10','DD.MM.RR'));
Insert into STRUKTUR (OTEIL,UTEIL,POSITION,MENGE,AUSSCHUSS,ARBEITSGANG,ZEITSTEMPEL) values ('31','38','7','1','0','0',to_date('15.12.10','DD.MM.RR'));
Insert into STRUKTUR (OTEIL,UTEIL,POSITION,MENGE,AUSSCHUSS,ARBEITSGANG,ZEITSTEMPEL) values ('31','39','8','2','0','0',to_date('15.12.10','DD.MM.RR'));
Insert into STRUKTUR (OTEIL,UTEIL,POSITION,MENGE,AUSSCHUSS,ARBEITSGANG,ZEITSTEMPEL) values ('31','40','9','1','0','0',to_date('15.12.10','DD.MM.RR'));
Insert into STRUKTUR (OTEIL,UTEIL,POSITION,MENGE,AUSSCHUSS,ARBEITSGANG,ZEITSTEMPEL) values ('31','41','10','1','0','0',to_date('15.12.10','DD.MM.RR'));
Insert into STRUKTUR (OTEIL,UTEIL,POSITION,MENGE,AUSSCHUSS,ARBEITSGANG,ZEITSTEMPEL) values ('31','46','11','1','0','0',to_date('15.12.10','DD.MM.RR'));
Insert into STRUKTUR (OTEIL,UTEIL,POSITION,MENGE,AUSSCHUSS,ARBEITSGANG,ZEITSTEMPEL) values ('31','47','12','1','0','0',to_date('15.12.10','DD.MM.RR'));
Insert into STRUKTUR (OTEIL,UTEIL,POSITION,MENGE,AUSSCHUSS,ARBEITSGANG,ZEITSTEMPEL) values ('31','48','13','1','0','0',to_date('15.12.10','DD.MM.RR'));
Insert into STRUKTUR (OTEIL,UTEIL,POSITION,MENGE,AUSSCHUSS,ARBEITSGANG,ZEITSTEMPEL) values ('31','49','14','1','0','0',to_date('15.12.10','DD.MM.RR'));
Insert into STRUKTUR (OTEIL,UTEIL,POSITION,MENGE,AUSSCHUSS,ARBEITSGANG,ZEITSTEMPEL) values ('31','50','15','1','0','0',to_date('15.12.10','DD.MM.RR'));
Insert into STRUKTUR (OTEIL,UTEIL,POSITION,MENGE,AUSSCHUSS,ARBEITSGANG,ZEITSTEMPEL) values ('31','51','16','1','0','0',to_date('15.12.10','DD.MM.RR'));
Insert into STRUKTUR (OTEIL,UTEIL,POSITION,MENGE,AUSSCHUSS,ARBEITSGANG,ZEITSTEMPEL) values ('31','52','17','1','0','0',to_date('15.12.10','DD.MM.RR'));
Insert into STRUKTUR (OTEIL,UTEIL,POSITION,MENGE,AUSSCHUSS,ARBEITSGANG,ZEITSTEMPEL) values ('31','53','18','1','0','0',to_date('15.12.10','DD.MM.RR'));
Insert into STRUKTUR (OTEIL,UTEIL,POSITION,MENGE,AUSSCHUSS,ARBEITSGANG,ZEITSTEMPEL) values ('41','42','1','50','0','0',to_date('15.12.10','DD.MM.RR'));
Insert into STRUKTUR (OTEIL,UTEIL,POSITION,MENGE,AUSSCHUSS,ARBEITSGANG,ZEITSTEMPEL) values ('41','43','2','50','0','0',to_date('15.12.10','DD.MM.RR'));
Insert into STRUKTUR (OTEIL,UTEIL,POSITION,MENGE,AUSSCHUSS,ARBEITSGANG,ZEITSTEMPEL) values ('41','44','3','50','0','0',to_date('15.12.10','DD.MM.RR'));
Insert into STRUKTUR (OTEIL,UTEIL,POSITION,MENGE,AUSSCHUSS,ARBEITSGANG,ZEITSTEMPEL) values ('41','45','4','2','0','0',to_date('15.12.10','DD.MM.RR'));
Insert into STRUKTUR (OTEIL,UTEIL,POSITION,MENGE,AUSSCHUSS,ARBEITSGANG,ZEITSTEMPEL) values ('60','2','1','1','0','0',to_date('15.12.10','DD.MM.RR'));
Insert into STRUKTUR (OTEIL,UTEIL,POSITION,MENGE,AUSSCHUSS,ARBEITSGANG,ZEITSTEMPEL) values ('60','41','1','1','0','0',to_date('15.12.10','DD.MM.RR'));
Insert into STRUKTUR (OTEIL,UTEIL,POSITION,MENGE,AUSSCHUSS,ARBEITSGANG,ZEITSTEMPEL) values ('60','62','1','1','0','0',to_date('15.12.10','DD.MM.RR'));
Insert into STRUKTUR (OTEIL,UTEIL,POSITION,MENGE,AUSSCHUSS,ARBEITSGANG,ZEITSTEMPEL) values ('62','49','1','1','0','0',to_date('15.12.10','DD.MM.RR'));
Insert into STRUKTUR (OTEIL,UTEIL,POSITION,MENGE,AUSSCHUSS,ARBEITSGANG,ZEITSTEMPEL) values ('62','40','1','1','0','0',to_date('15.12.10','DD.MM.RR'));
Insert into STRUKTUR (OTEIL,UTEIL,POSITION,MENGE,AUSSCHUSS,ARBEITSGANG,ZEITSTEMPEL) values ('40','34','1','1','0','0',to_date('15.12.10','DD.MM.RR'));
Insert into STRUKTUR (OTEIL,UTEIL,POSITION,MENGE,AUSSCHUSS,ARBEITSGANG,ZEITSTEMPEL) values ('40','3','1','1','0','0',to_date('15.12.10','DD.MM.RR'));
--------------------------------------------------------
--  Insert into ORTE
--------------------------------------------------------
Insert into ORTE (ORT,STRASSE,PLZ) values ('Köln','Belaweg',null);
Insert into ORTE (ORT,STRASSE,PLZ) values ('Gummersbach','Luisenstr',null);
Insert into ORTE (ORT,STRASSE,PLZ) values ('Gladbeck','Agathastr.',null);
Insert into ORTE (ORT,STRASSE,PLZ) values ('Köln','Bahnhofstr.',null);
Insert into ORTE (ORT,STRASSE,PLZ) values ('Gummersbach','Löh',null);
Insert into ORTE (ORT,STRASSE,PLZ) values ('Köln','Auf dem Hügel',null);
Insert into ORTE (ORT,STRASSE,PLZ) values ('Köln','Bennstr',null);
Insert into ORTE (ORT,STRASSE,PLZ) values ('Leverkusen','Netzestr.',null);
Insert into ORTE (ORT,STRASSE,PLZ) values ('Bergisch Gladbach','Falkenstr.',null);
Insert into ORTE (ORT,STRASSE,PLZ) values ('Bergisch Gladbach','Grubenfeld',null);
Insert into ORTE (ORT,STRASSE,PLZ) values ('Bergisch Gladbach','Burgstr.',null);
Insert into ORTE (ORT,STRASSE,PLZ) values ('Dortmund','Prellerstr.',null);
Insert into ORTE (ORT,STRASSE,PLZ) values ('Dortmund','Planckstr.',null);
Insert into ORTE (ORT,STRASSE,PLZ) values ('Dortmund','Plutostr.',null);
Insert into ORTE (ORT,STRASSE,PLZ) values ('Bergisch Gladbach','Erntestr.',null);
Insert into ORTE (ORT,STRASSE,PLZ) values ('Bergisch Gladbach','Fichtenweg',null);
Insert into ORTE (ORT,STRASSE,PLZ) values ('Dortmund','Bedastr.',null);
Insert into ORTE (ORT,STRASSE,PLZ) values ('Leverkusen','Quarzstr.',null);
--------------------------------------------------------
--  Insert into LIEFERANTEN
--------------------------------------------------------
Insert into LIEFERANTEN (LIEF_NR,NAME,ORT,STRASSE,TELEFONNR,ZEITSTEMPEL) values ('1','West-Ost-Handel','Köln','Eibenweg','0221/985688',to_date('15.12.10','DD.MM.RR'));
Insert into LIEFERANTEN (LIEF_NR,NAME,ORT,STRASSE,TELEFONNR,ZEITSTEMPEL) values ('2','IMPORT-Wendel','Dortmund','Kölner Str.','0221/76499',to_date('15.12.10','DD.MM.RR'));
Insert into LIEFERANTEN (LIEF_NR,NAME,ORT,STRASSE,TELEFONNR,ZEITSTEMPEL) values ('3','Quarks','Gummersbach','Mühle','02261/6711',to_date('15.12.10','DD.MM.RR'));
Insert into LIEFERANTEN (LIEF_NR,NAME,ORT,STRASSE,TELEFONNR,ZEITSTEMPEL) values ('4','Wahle','Remscheid','Lenneperstr.',null,to_date('15.12.10','DD.MM.RR'));
--------------------------------------------------------
--  Insert into LIEFERUNGEN
--------------------------------------------------------
Insert into LIEFERUNGEN (LIEFER_NR,LIEF_NR,TNR,LIEF_DATUM,MENGE,ZEITSTEMPEL) values ('1','2','33',to_date('06.02.11','DD.MM.RR'),'2',to_date('17.01.11','DD.MM.RR'));
Insert into LIEFERUNGEN (LIEFER_NR,LIEF_NR,TNR,LIEF_DATUM,MENGE,ZEITSTEMPEL) values ('2','2','34',to_date('06.02.11','DD.MM.RR'),'2',to_date('18.01.11','DD.MM.RR'));
Insert into LIEFERUNGEN (LIEFER_NR,LIEF_NR,TNR,LIEF_DATUM,MENGE,ZEITSTEMPEL) values ('3','2','35',to_date('06.02.11','DD.MM.RR'),'2',to_date('19.01.11','DD.MM.RR'));
Insert into LIEFERUNGEN (LIEFER_NR,LIEF_NR,TNR,LIEF_DATUM,MENGE,ZEITSTEMPEL) values ('4','2','36',to_date('06.02.11','DD.MM.RR'),'2',to_date('20.01.11','DD.MM.RR'));
Insert into LIEFERUNGEN (LIEFER_NR,LIEF_NR,TNR,LIEF_DATUM,MENGE,ZEITSTEMPEL) values ('5','2','37',to_date('06.02.11','DD.MM.RR'),'2',to_date('21.01.11','DD.MM.RR'));
Insert into LIEFERUNGEN (LIEFER_NR,LIEF_NR,TNR,LIEF_DATUM,MENGE,ZEITSTEMPEL) values ('6','2','38',to_date('06.02.11','DD.MM.RR'),'2',to_date('22.01.11','DD.MM.RR'));
Insert into LIEFERUNGEN (LIEFER_NR,LIEF_NR,TNR,LIEF_DATUM,MENGE,ZEITSTEMPEL) values ('7','2','39',to_date('06.02.11','DD.MM.RR'),'2',to_date('23.01.11','DD.MM.RR'));
Insert into LIEFERUNGEN (LIEFER_NR,LIEF_NR,TNR,LIEF_DATUM,MENGE,ZEITSTEMPEL) values ('8','2','40',to_date('06.02.11','DD.MM.RR'),'2',to_date('24.01.11','DD.MM.RR'));
Insert into LIEFERUNGEN (LIEFER_NR,LIEF_NR,TNR,LIEF_DATUM,MENGE,ZEITSTEMPEL) values ('9','2','42',to_date('06.02.11','DD.MM.RR'),'2',to_date('26.01.11','DD.MM.RR'));
Insert into LIEFERUNGEN (LIEFER_NR,LIEF_NR,TNR,LIEF_DATUM,MENGE,ZEITSTEMPEL) values ('10','2','43',to_date('06.02.11','DD.MM.RR'),'2',to_date('27.01.11','DD.MM.RR'));
Insert into LIEFERUNGEN (LIEFER_NR,LIEF_NR,TNR,LIEF_DATUM,MENGE,ZEITSTEMPEL) values ('11','2','44',to_date('06.02.11','DD.MM.RR'),'2',to_date('28.01.11','DD.MM.RR'));
Insert into LIEFERUNGEN (LIEFER_NR,LIEF_NR,TNR,LIEF_DATUM,MENGE,ZEITSTEMPEL) values ('12','2','45',to_date('06.02.11','DD.MM.RR'),'2',to_date('29.01.11','DD.MM.RR'));
Insert into LIEFERUNGEN (LIEFER_NR,LIEF_NR,TNR,LIEF_DATUM,MENGE,ZEITSTEMPEL) values ('13','2','46',to_date('06.02.11','DD.MM.RR'),'2',to_date('30.01.11','DD.MM.RR'));
Insert into LIEFERUNGEN (LIEFER_NR,LIEF_NR,TNR,LIEF_DATUM,MENGE,ZEITSTEMPEL) values ('14','2','47',to_date('06.02.11','DD.MM.RR'),'2',to_date('31.01.11','DD.MM.RR'));
Insert into LIEFERUNGEN (LIEFER_NR,LIEF_NR,TNR,LIEF_DATUM,MENGE,ZEITSTEMPEL) values ('15','2','48',to_date('06.02.11','DD.MM.RR'),'2',to_date('01.02.11','DD.MM.RR'));
Insert into LIEFERUNGEN (LIEFER_NR,LIEF_NR,TNR,LIEF_DATUM,MENGE,ZEITSTEMPEL) values ('16','2','49',to_date('06.02.11','DD.MM.RR'),'2',to_date('02.02.11','DD.MM.RR'));
Insert into LIEFERUNGEN (LIEFER_NR,LIEF_NR,TNR,LIEF_DATUM,MENGE,ZEITSTEMPEL) values ('17','2','50',to_date('06.02.11','DD.MM.RR'),'2',to_date('03.02.11','DD.MM.RR'));
Insert into LIEFERUNGEN (LIEFER_NR,LIEF_NR,TNR,LIEF_DATUM,MENGE,ZEITSTEMPEL) values ('18','2','51',to_date('06.02.11','DD.MM.RR'),'2',to_date('04.02.11','DD.MM.RR'));
Insert into LIEFERUNGEN (LIEFER_NR,LIEF_NR,TNR,LIEF_DATUM,MENGE,ZEITSTEMPEL) values ('19','2','52',to_date('06.02.11','DD.MM.RR'),'2',to_date('05.02.11','DD.MM.RR'));
Insert into LIEFERUNGEN (LIEFER_NR,LIEF_NR,TNR,LIEF_DATUM,MENGE,ZEITSTEMPEL) values ('20','2','53',to_date('06.02.11','DD.MM.RR'),'2',to_date('06.02.11','DD.MM.RR'));
Insert into LIEFERUNGEN (LIEFER_NR,LIEF_NR,TNR,LIEF_DATUM,MENGE,ZEITSTEMPEL) values ('21','1','12',to_date('07.02.11','DD.MM.RR'),'1',to_date('27.12.10','DD.MM.RR'));
Insert into LIEFERUNGEN (LIEFER_NR,LIEF_NR,TNR,LIEF_DATUM,MENGE,ZEITSTEMPEL) values ('22','1','13',to_date('07.02.11','DD.MM.RR'),'1',to_date('28.12.10','DD.MM.RR'));
Insert into LIEFERUNGEN (LIEFER_NR,LIEF_NR,TNR,LIEF_DATUM,MENGE,ZEITSTEMPEL) values ('23','1','14',to_date('07.02.11','DD.MM.RR'),'1',to_date('29.12.10','DD.MM.RR'));
Insert into LIEFERUNGEN (LIEFER_NR,LIEF_NR,TNR,LIEF_DATUM,MENGE,ZEITSTEMPEL) values ('24','1','15',to_date('07.02.11','DD.MM.RR'),'1',to_date('30.12.10','DD.MM.RR'));
Insert into LIEFERUNGEN (LIEFER_NR,LIEF_NR,TNR,LIEF_DATUM,MENGE,ZEITSTEMPEL) values ('25','1','16',to_date('07.02.11','DD.MM.RR'),'1',to_date('31.12.10','DD.MM.RR'));
Insert into LIEFERUNGEN (LIEFER_NR,LIEF_NR,TNR,LIEF_DATUM,MENGE,ZEITSTEMPEL) values ('26','1','17',to_date('07.02.11','DD.MM.RR'),'1',to_date('01.01.11','DD.MM.RR'));
Insert into LIEFERUNGEN (LIEFER_NR,LIEF_NR,TNR,LIEF_DATUM,MENGE,ZEITSTEMPEL) values ('27','1','18',to_date('07.02.11','DD.MM.RR'),'1',to_date('02.01.11','DD.MM.RR'));
Insert into LIEFERUNGEN (LIEFER_NR,LIEF_NR,TNR,LIEF_DATUM,MENGE,ZEITSTEMPEL) values ('28','1','19',to_date('07.02.11','DD.MM.RR'),'1',to_date('03.01.11','DD.MM.RR'));
Insert into LIEFERUNGEN (LIEFER_NR,LIEF_NR,TNR,LIEF_DATUM,MENGE,ZEITSTEMPEL) values ('29','1','20',to_date('07.02.11','DD.MM.RR'),'1',to_date('04.01.11','DD.MM.RR'));
Insert into LIEFERUNGEN (LIEFER_NR,LIEF_NR,TNR,LIEF_DATUM,MENGE,ZEITSTEMPEL) values ('30','1','21',to_date('07.02.11','DD.MM.RR'),'1',to_date('05.01.11','DD.MM.RR'));
Insert into LIEFERUNGEN (LIEFER_NR,LIEF_NR,TNR,LIEF_DATUM,MENGE,ZEITSTEMPEL) values ('31','1','22',to_date('07.02.11','DD.MM.RR'),'1',to_date('06.01.11','DD.MM.RR'));
Insert into LIEFERUNGEN (LIEFER_NR,LIEF_NR,TNR,LIEF_DATUM,MENGE,ZEITSTEMPEL) values ('32','1','23',to_date('07.02.11','DD.MM.RR'),'1',to_date('07.01.11','DD.MM.RR'));
Insert into LIEFERUNGEN (LIEFER_NR,LIEF_NR,TNR,LIEF_DATUM,MENGE,ZEITSTEMPEL) values ('33','1','24',to_date('07.02.11','DD.MM.RR'),'1',to_date('08.01.11','DD.MM.RR'));
Insert into LIEFERUNGEN (LIEFER_NR,LIEF_NR,TNR,LIEF_DATUM,MENGE,ZEITSTEMPEL) values ('34','2','12',to_date('06.02.11','DD.MM.RR'),'2',to_date('27.12.10','DD.MM.RR'));
Insert into LIEFERUNGEN (LIEFER_NR,LIEF_NR,TNR,LIEF_DATUM,MENGE,ZEITSTEMPEL) values ('35','2','13',to_date('06.02.11','DD.MM.RR'),'2',to_date('28.12.10','DD.MM.RR'));
Insert into LIEFERUNGEN (LIEFER_NR,LIEF_NR,TNR,LIEF_DATUM,MENGE,ZEITSTEMPEL) values ('36','2','14',to_date('06.02.11','DD.MM.RR'),'2',to_date('29.12.10','DD.MM.RR'));
Insert into LIEFERUNGEN (LIEFER_NR,LIEF_NR,TNR,LIEF_DATUM,MENGE,ZEITSTEMPEL) values ('37','2','15',to_date('06.02.11','DD.MM.RR'),'2',to_date('30.12.10','DD.MM.RR'));
Insert into LIEFERUNGEN (LIEFER_NR,LIEF_NR,TNR,LIEF_DATUM,MENGE,ZEITSTEMPEL) values ('38','2','16',to_date('06.02.11','DD.MM.RR'),'2',to_date('31.12.10','DD.MM.RR'));
Insert into LIEFERUNGEN (LIEFER_NR,LIEF_NR,TNR,LIEF_DATUM,MENGE,ZEITSTEMPEL) values ('39','2','17',to_date('06.02.11','DD.MM.RR'),'2',to_date('01.01.11','DD.MM.RR'));
Insert into LIEFERUNGEN (LIEFER_NR,LIEF_NR,TNR,LIEF_DATUM,MENGE,ZEITSTEMPEL) values ('40','2','18',to_date('06.02.11','DD.MM.RR'),'2',to_date('02.01.11','DD.MM.RR'));
Insert into LIEFERUNGEN (LIEFER_NR,LIEF_NR,TNR,LIEF_DATUM,MENGE,ZEITSTEMPEL) values ('41','2','19',to_date('06.02.11','DD.MM.RR'),'2',to_date('03.01.11','DD.MM.RR'));
Insert into LIEFERUNGEN (LIEFER_NR,LIEF_NR,TNR,LIEF_DATUM,MENGE,ZEITSTEMPEL) values ('42','2','20',to_date('06.02.11','DD.MM.RR'),'2',to_date('04.01.11','DD.MM.RR'));
Insert into LIEFERUNGEN (LIEFER_NR,LIEF_NR,TNR,LIEF_DATUM,MENGE,ZEITSTEMPEL) values ('43','2','21',to_date('06.02.11','DD.MM.RR'),'2',to_date('05.01.11','DD.MM.RR'));
Insert into LIEFERUNGEN (LIEFER_NR,LIEF_NR,TNR,LIEF_DATUM,MENGE,ZEITSTEMPEL) values ('44','2','22',to_date('06.02.11','DD.MM.RR'),'2',to_date('06.01.11','DD.MM.RR'));
Insert into LIEFERUNGEN (LIEFER_NR,LIEF_NR,TNR,LIEF_DATUM,MENGE,ZEITSTEMPEL) values ('45','2','23',to_date('06.02.11','DD.MM.RR'),'2',to_date('07.01.11','DD.MM.RR'));
Insert into LIEFERUNGEN (LIEFER_NR,LIEF_NR,TNR,LIEF_DATUM,MENGE,ZEITSTEMPEL) values ('46','2','24',to_date('06.02.11','DD.MM.RR'),'2',to_date('08.01.11','DD.MM.RR'));
Insert into LIEFERUNGEN (LIEFER_NR,LIEF_NR,TNR,LIEF_DATUM,MENGE,ZEITSTEMPEL) values ('47','2','25',to_date('06.02.11','DD.MM.RR'),'2',to_date('09.01.11','DD.MM.RR'));
Insert into LIEFERUNGEN (LIEFER_NR,LIEF_NR,TNR,LIEF_DATUM,MENGE,ZEITSTEMPEL) values ('48','2','26',to_date('06.02.11','DD.MM.RR'),'2',to_date('10.01.11','DD.MM.RR'));
Insert into LIEFERUNGEN (LIEFER_NR,LIEF_NR,TNR,LIEF_DATUM,MENGE,ZEITSTEMPEL) values ('49','2','27',to_date('06.02.11','DD.MM.RR'),'2',to_date('11.01.11','DD.MM.RR'));
Insert into LIEFERUNGEN (LIEFER_NR,LIEF_NR,TNR,LIEF_DATUM,MENGE,ZEITSTEMPEL) values ('50','2','28',to_date('06.02.11','DD.MM.RR'),'2',to_date('12.01.11','DD.MM.RR'));
Insert into LIEFERUNGEN (LIEFER_NR,LIEF_NR,TNR,LIEF_DATUM,MENGE,ZEITSTEMPEL) values ('51','2','29',to_date('06.02.11','DD.MM.RR'),'2',to_date('13.01.11','DD.MM.RR'));
Insert into LIEFERUNGEN (LIEFER_NR,LIEF_NR,TNR,LIEF_DATUM,MENGE,ZEITSTEMPEL) values ('52','2','30',to_date('06.02.11','DD.MM.RR'),'2',to_date('14.01.11','DD.MM.RR'));
--------------------------------------------------------
--  Insert into LIEFERPROGRAMME
--------------------------------------------------------
Insert into LIEFERPROGRAMME (LIEF_NR,TNR,BESTELLNR,EINKAUFSPREIS,GESAMTMENGE,ZEITSTEMPEL) values ('2','3','7','2','5',to_date('16.12.10','DD.MM.RR'));
Insert into LIEFERPROGRAMME (LIEF_NR,TNR,BESTELLNR,EINKAUFSPREIS,GESAMTMENGE,ZEITSTEMPEL) values ('2','4','9','5','6',to_date('16.12.10','DD.MM.RR'));
Insert into LIEFERPROGRAMME (LIEF_NR,TNR,BESTELLNR,EINKAUFSPREIS,GESAMTMENGE,ZEITSTEMPEL) values ('2','5','11','1230','7',to_date('16.12.10','DD.MM.RR'));
Insert into LIEFERPROGRAMME (LIEF_NR,TNR,BESTELLNR,EINKAUFSPREIS,GESAMTMENGE,ZEITSTEMPEL) values ('2','24','49','18','26',to_date('16.12.10','DD.MM.RR'));
Insert into LIEFERPROGRAMME (LIEF_NR,TNR,BESTELLNR,EINKAUFSPREIS,GESAMTMENGE,ZEITSTEMPEL) values ('2','7','15','18','9',to_date('16.12.10','DD.MM.RR'));
Insert into LIEFERPROGRAMME (LIEF_NR,TNR,BESTELLNR,EINKAUFSPREIS,GESAMTMENGE,ZEITSTEMPEL) values ('2','8','17','150','10',to_date('16.12.10','DD.MM.RR'));
Insert into LIEFERPROGRAMME (LIEF_NR,TNR,BESTELLNR,EINKAUFSPREIS,GESAMTMENGE,ZEITSTEMPEL) values ('2','9','19','5','11',to_date('16.12.10','DD.MM.RR'));
Insert into LIEFERPROGRAMME (LIEF_NR,TNR,BESTELLNR,EINKAUFSPREIS,GESAMTMENGE,ZEITSTEMPEL) values ('2','10','21','79','12',to_date('16.12.10','DD.MM.RR'));
Insert into LIEFERPROGRAMME (LIEF_NR,TNR,BESTELLNR,EINKAUFSPREIS,GESAMTMENGE,ZEITSTEMPEL) values ('2','12','25','0.5','14',to_date('16.12.10','DD.MM.RR'));
Insert into LIEFERPROGRAMME (LIEF_NR,TNR,BESTELLNR,EINKAUFSPREIS,GESAMTMENGE,ZEITSTEMPEL) values ('2','13','27','0.6','15',to_date('16.12.10','DD.MM.RR'));
Insert into LIEFERPROGRAMME (LIEF_NR,TNR,BESTELLNR,EINKAUFSPREIS,GESAMTMENGE,ZEITSTEMPEL) values ('2','14','29','0.5','16',to_date('16.12.10','DD.MM.RR'));
Insert into LIEFERPROGRAMME (LIEF_NR,TNR,BESTELLNR,EINKAUFSPREIS,GESAMTMENGE,ZEITSTEMPEL) values ('2','15','31','22','17',to_date('16.12.10','DD.MM.RR'));
Insert into LIEFERPROGRAMME (LIEF_NR,TNR,BESTELLNR,EINKAUFSPREIS,GESAMTMENGE,ZEITSTEMPEL) values ('2','16','33','28','18',to_date('16.12.10','DD.MM.RR'));
Insert into LIEFERPROGRAMME (LIEF_NR,TNR,BESTELLNR,EINKAUFSPREIS,GESAMTMENGE,ZEITSTEMPEL) values ('2','17','35','28','19',to_date('16.12.10','DD.MM.RR'));
Insert into LIEFERPROGRAMME (LIEF_NR,TNR,BESTELLNR,EINKAUFSPREIS,GESAMTMENGE,ZEITSTEMPEL) values ('2','18','37','109','20',to_date('16.12.10','DD.MM.RR'));
Insert into LIEFERPROGRAMME (LIEF_NR,TNR,BESTELLNR,EINKAUFSPREIS,GESAMTMENGE,ZEITSTEMPEL) values ('2','19','39','10','21',to_date('16.12.10','DD.MM.RR'));
Insert into LIEFERPROGRAMME (LIEF_NR,TNR,BESTELLNR,EINKAUFSPREIS,GESAMTMENGE,ZEITSTEMPEL) values ('2','20','41','11','22',to_date('16.12.10','DD.MM.RR'));
Insert into LIEFERPROGRAMME (LIEF_NR,TNR,BESTELLNR,EINKAUFSPREIS,GESAMTMENGE,ZEITSTEMPEL) values ('2','21','43','110','23',to_date('16.12.10','DD.MM.RR'));
Insert into LIEFERPROGRAMME (LIEF_NR,TNR,BESTELLNR,EINKAUFSPREIS,GESAMTMENGE,ZEITSTEMPEL) values ('2','22','45','60','24',to_date('16.12.10','DD.MM.RR'));
Insert into LIEFERPROGRAMME (LIEF_NR,TNR,BESTELLNR,EINKAUFSPREIS,GESAMTMENGE,ZEITSTEMPEL) values ('2','28','57','29','30',to_date('16.12.10','DD.MM.RR'));
Insert into LIEFERPROGRAMME (LIEF_NR,TNR,BESTELLNR,EINKAUFSPREIS,GESAMTMENGE,ZEITSTEMPEL) values ('2','23','47','28','25',to_date('16.12.10','DD.MM.RR'));
Insert into LIEFERPROGRAMME (LIEF_NR,TNR,BESTELLNR,EINKAUFSPREIS,GESAMTMENGE,ZEITSTEMPEL) values ('2','25','51','149','27',to_date('16.12.10','DD.MM.RR'));
Insert into LIEFERPROGRAMME (LIEF_NR,TNR,BESTELLNR,EINKAUFSPREIS,GESAMTMENGE,ZEITSTEMPEL) values ('2','26','53','299','28',to_date('16.12.10','DD.MM.RR'));
Insert into LIEFERPROGRAMME (LIEF_NR,TNR,BESTELLNR,EINKAUFSPREIS,GESAMTMENGE,ZEITSTEMPEL) values ('2','27','55','69','29',to_date('16.12.10','DD.MM.RR'));
Insert into LIEFERPROGRAMME (LIEF_NR,TNR,BESTELLNR,EINKAUFSPREIS,GESAMTMENGE,ZEITSTEMPEL) values ('2','29','59','1590','31',to_date('16.12.10','DD.MM.RR'));
Insert into LIEFERPROGRAMME (LIEF_NR,TNR,BESTELLNR,EINKAUFSPREIS,GESAMTMENGE,ZEITSTEMPEL) values ('2','30','61','2590','32',to_date('16.12.10','DD.MM.RR'));
Insert into LIEFERPROGRAMME (LIEF_NR,TNR,BESTELLNR,EINKAUFSPREIS,GESAMTMENGE,ZEITSTEMPEL) values ('2','33','67','2','35',to_date('16.12.10','DD.MM.RR'));
Insert into LIEFERPROGRAMME (LIEF_NR,TNR,BESTELLNR,EINKAUFSPREIS,GESAMTMENGE,ZEITSTEMPEL) values ('2','34','69','8','36',to_date('16.12.10','DD.MM.RR'));
Insert into LIEFERPROGRAMME (LIEF_NR,TNR,BESTELLNR,EINKAUFSPREIS,GESAMTMENGE,ZEITSTEMPEL) values ('2','35','71','30','37',to_date('16.12.10','DD.MM.RR'));
Insert into LIEFERPROGRAMME (LIEF_NR,TNR,BESTELLNR,EINKAUFSPREIS,GESAMTMENGE,ZEITSTEMPEL) values ('2','36','73','18','38',to_date('16.12.10','DD.MM.RR'));
Insert into LIEFERPROGRAMME (LIEF_NR,TNR,BESTELLNR,EINKAUFSPREIS,GESAMTMENGE,ZEITSTEMPEL) values ('2','37','75','19','39',to_date('16.12.10','DD.MM.RR'));
Insert into LIEFERPROGRAMME (LIEF_NR,TNR,BESTELLNR,EINKAUFSPREIS,GESAMTMENGE,ZEITSTEMPEL) values ('2','38','77','252','40',to_date('16.12.10','DD.MM.RR'));
Insert into LIEFERPROGRAMME (LIEF_NR,TNR,BESTELLNR,EINKAUFSPREIS,GESAMTMENGE,ZEITSTEMPEL) values ('2','39','79','9','41',to_date('16.12.10','DD.MM.RR'));
Insert into LIEFERPROGRAMME (LIEF_NR,TNR,BESTELLNR,EINKAUFSPREIS,GESAMTMENGE,ZEITSTEMPEL) values ('2','40','81','9','42',to_date('16.12.10','DD.MM.RR'));
Insert into LIEFERPROGRAMME (LIEF_NR,TNR,BESTELLNR,EINKAUFSPREIS,GESAMTMENGE,ZEITSTEMPEL) values ('2','42','85','0.5','44',to_date('16.12.10','DD.MM.RR'));
Insert into LIEFERPROGRAMME (LIEF_NR,TNR,BESTELLNR,EINKAUFSPREIS,GESAMTMENGE,ZEITSTEMPEL) values ('2','43','87','0.6','45',to_date('16.12.10','DD.MM.RR'));
Insert into LIEFERPROGRAMME (LIEF_NR,TNR,BESTELLNR,EINKAUFSPREIS,GESAMTMENGE,ZEITSTEMPEL) values ('2','44','89','0.5','46',to_date('16.12.10','DD.MM.RR'));
Insert into LIEFERPROGRAMME (LIEF_NR,TNR,BESTELLNR,EINKAUFSPREIS,GESAMTMENGE,ZEITSTEMPEL) values ('2','45','91','22','47',to_date('16.12.10','DD.MM.RR'));
Insert into LIEFERPROGRAMME (LIEF_NR,TNR,BESTELLNR,EINKAUFSPREIS,GESAMTMENGE,ZEITSTEMPEL) values ('2','46','93','28','48',to_date('16.12.10','DD.MM.RR'));
Insert into LIEFERPROGRAMME (LIEF_NR,TNR,BESTELLNR,EINKAUFSPREIS,GESAMTMENGE,ZEITSTEMPEL) values ('2','47','95','70','49',to_date('16.12.10','DD.MM.RR'));
Insert into LIEFERPROGRAMME (LIEF_NR,TNR,BESTELLNR,EINKAUFSPREIS,GESAMTMENGE,ZEITSTEMPEL) values ('2','48','97','140','50',to_date('16.12.10','DD.MM.RR'));
Insert into LIEFERPROGRAMME (LIEF_NR,TNR,BESTELLNR,EINKAUFSPREIS,GESAMTMENGE,ZEITSTEMPEL) values ('2','49','99','10','51',to_date('16.12.10','DD.MM.RR'));
Insert into LIEFERPROGRAMME (LIEF_NR,TNR,BESTELLNR,EINKAUFSPREIS,GESAMTMENGE,ZEITSTEMPEL) values ('2','50','101','17','52',to_date('16.12.10','DD.MM.RR'));
Insert into LIEFERPROGRAMME (LIEF_NR,TNR,BESTELLNR,EINKAUFSPREIS,GESAMTMENGE,ZEITSTEMPEL) values ('2','51','103','150','53',to_date('16.12.10','DD.MM.RR'));
Insert into LIEFERPROGRAMME (LIEF_NR,TNR,BESTELLNR,EINKAUFSPREIS,GESAMTMENGE,ZEITSTEMPEL) values ('2','52','105','80','54',to_date('16.12.10','DD.MM.RR'));
Insert into LIEFERPROGRAMME (LIEF_NR,TNR,BESTELLNR,EINKAUFSPREIS,GESAMTMENGE,ZEITSTEMPEL) values ('2','53','107','30','55',to_date('16.12.10','DD.MM.RR'));
Insert into LIEFERPROGRAMME (LIEF_NR,TNR,BESTELLNR,EINKAUFSPREIS,GESAMTMENGE,ZEITSTEMPEL) values ('1','3','20','12','16',to_date('16.12.10','DD.MM.RR'));
Insert into LIEFERPROGRAMME (LIEF_NR,TNR,BESTELLNR,EINKAUFSPREIS,GESAMTMENGE,ZEITSTEMPEL) values ('1','4','21','15','15',to_date('16.12.10','DD.MM.RR'));
Insert into LIEFERPROGRAMME (LIEF_NR,TNR,BESTELLNR,EINKAUFSPREIS,GESAMTMENGE,ZEITSTEMPEL) values ('1','5','22','1240','14',to_date('16.12.10','DD.MM.RR'));
Insert into LIEFERPROGRAMME (LIEF_NR,TNR,BESTELLNR,EINKAUFSPREIS,GESAMTMENGE,ZEITSTEMPEL) values ('1','24','41','28','5',to_date('16.12.10','DD.MM.RR'));
Insert into LIEFERPROGRAMME (LIEF_NR,TNR,BESTELLNR,EINKAUFSPREIS,GESAMTMENGE,ZEITSTEMPEL) values ('1','7','24','28','12',to_date('16.12.10','DD.MM.RR'));
Insert into LIEFERPROGRAMME (LIEF_NR,TNR,BESTELLNR,EINKAUFSPREIS,GESAMTMENGE,ZEITSTEMPEL) values ('1','8','25','160','11',to_date('16.12.10','DD.MM.RR'));
Insert into LIEFERPROGRAMME (LIEF_NR,TNR,BESTELLNR,EINKAUFSPREIS,GESAMTMENGE,ZEITSTEMPEL) values ('1','9','26','15','10',to_date('16.12.10','DD.MM.RR'));
Insert into LIEFERPROGRAMME (LIEF_NR,TNR,BESTELLNR,EINKAUFSPREIS,GESAMTMENGE,ZEITSTEMPEL) values ('1','10','27','89','9',to_date('16.12.10','DD.MM.RR'));
Insert into LIEFERPROGRAMME (LIEF_NR,TNR,BESTELLNR,EINKAUFSPREIS,GESAMTMENGE,ZEITSTEMPEL) values ('1','12','29','10.5','7',to_date('16.12.10','DD.MM.RR'));
Insert into LIEFERPROGRAMME (LIEF_NR,TNR,BESTELLNR,EINKAUFSPREIS,GESAMTMENGE,ZEITSTEMPEL) values ('1','13','30','10.6','6',to_date('16.12.10','DD.MM.RR'));
Insert into LIEFERPROGRAMME (LIEF_NR,TNR,BESTELLNR,EINKAUFSPREIS,GESAMTMENGE,ZEITSTEMPEL) values ('1','14','31','10.5','5',to_date('16.12.10','DD.MM.RR'));
Insert into LIEFERPROGRAMME (LIEF_NR,TNR,BESTELLNR,EINKAUFSPREIS,GESAMTMENGE,ZEITSTEMPEL) values ('1','15','32','32','4',to_date('16.12.10','DD.MM.RR'));
Insert into LIEFERPROGRAMME (LIEF_NR,TNR,BESTELLNR,EINKAUFSPREIS,GESAMTMENGE,ZEITSTEMPEL) values ('1','16','33','38','3',to_date('16.12.10','DD.MM.RR'));
Insert into LIEFERPROGRAMME (LIEF_NR,TNR,BESTELLNR,EINKAUFSPREIS,GESAMTMENGE,ZEITSTEMPEL) values ('1','17','34','38','2',to_date('16.12.10','DD.MM.RR'));
Insert into LIEFERPROGRAMME (LIEF_NR,TNR,BESTELLNR,EINKAUFSPREIS,GESAMTMENGE,ZEITSTEMPEL) values ('1','18','35','119','1',to_date('16.12.10','DD.MM.RR'));
Insert into LIEFERPROGRAMME (LIEF_NR,TNR,BESTELLNR,EINKAUFSPREIS,GESAMTMENGE,ZEITSTEMPEL) values ('1','19','36','20','0',to_date('16.12.10','DD.MM.RR'));
Insert into LIEFERPROGRAMME (LIEF_NR,TNR,BESTELLNR,EINKAUFSPREIS,GESAMTMENGE,ZEITSTEMPEL) values ('1','20','37','21','1',to_date('16.12.10','DD.MM.RR'));
Insert into LIEFERPROGRAMME (LIEF_NR,TNR,BESTELLNR,EINKAUFSPREIS,GESAMTMENGE,ZEITSTEMPEL) values ('1','21','38','120','2',to_date('16.12.10','DD.MM.RR'));
Insert into LIEFERPROGRAMME (LIEF_NR,TNR,BESTELLNR,EINKAUFSPREIS,GESAMTMENGE,ZEITSTEMPEL) values ('1','22','39','70','3',to_date('16.12.10','DD.MM.RR'));
Insert into LIEFERPROGRAMME (LIEF_NR,TNR,BESTELLNR,EINKAUFSPREIS,GESAMTMENGE,ZEITSTEMPEL) values ('1','23','40','38','4',to_date('16.12.10','DD.MM.RR'));
Insert into LIEFERPROGRAMME (LIEF_NR,TNR,BESTELLNR,EINKAUFSPREIS,GESAMTMENGE,ZEITSTEMPEL) values ('3','33','297','2.2','59',to_date('17.12.10','DD.MM.RR'));
Insert into LIEFERPROGRAMME (LIEF_NR,TNR,BESTELLNR,EINKAUFSPREIS,GESAMTMENGE,ZEITSTEMPEL) values ('3','34','306','8.8','61',to_date('17.12.10','DD.MM.RR'));
Insert into LIEFERPROGRAMME (LIEF_NR,TNR,BESTELLNR,EINKAUFSPREIS,GESAMTMENGE,ZEITSTEMPEL) values ('3','35','315','33','63',to_date('17.12.10','DD.MM.RR'));
Insert into LIEFERPROGRAMME (LIEF_NR,TNR,BESTELLNR,EINKAUFSPREIS,GESAMTMENGE,ZEITSTEMPEL) values ('3','36','324','19.8','65',to_date('17.12.10','DD.MM.RR'));
Insert into LIEFERPROGRAMME (LIEF_NR,TNR,BESTELLNR,EINKAUFSPREIS,GESAMTMENGE,ZEITSTEMPEL) values ('3','37','333','20.9','67',to_date('17.12.10','DD.MM.RR'));
Insert into LIEFERPROGRAMME (LIEF_NR,TNR,BESTELLNR,EINKAUFSPREIS,GESAMTMENGE,ZEITSTEMPEL) values ('3','38','342','277.2','69',to_date('17.12.10','DD.MM.RR'));
Insert into LIEFERPROGRAMME (LIEF_NR,TNR,BESTELLNR,EINKAUFSPREIS,GESAMTMENGE,ZEITSTEMPEL) values ('3','39','351','9.9','71',to_date('17.12.10','DD.MM.RR'));
Insert into LIEFERPROGRAMME (LIEF_NR,TNR,BESTELLNR,EINKAUFSPREIS,GESAMTMENGE,ZEITSTEMPEL) values ('3','40','360','9.9','73',to_date('17.12.10','DD.MM.RR'));
Insert into LIEFERPROGRAMME (LIEF_NR,TNR,BESTELLNR,EINKAUFSPREIS,GESAMTMENGE,ZEITSTEMPEL) values ('3','42','378','0.55','77',to_date('17.12.10','DD.MM.RR'));
Insert into LIEFERPROGRAMME (LIEF_NR,TNR,BESTELLNR,EINKAUFSPREIS,GESAMTMENGE,ZEITSTEMPEL) values ('3','43','387','0.66','79',to_date('17.12.10','DD.MM.RR'));
Insert into LIEFERPROGRAMME (LIEF_NR,TNR,BESTELLNR,EINKAUFSPREIS,GESAMTMENGE,ZEITSTEMPEL) values ('3','44','396','0.55','81',to_date('17.12.10','DD.MM.RR'));
Insert into LIEFERPROGRAMME (LIEF_NR,TNR,BESTELLNR,EINKAUFSPREIS,GESAMTMENGE,ZEITSTEMPEL) values ('3','45','405','24.2','83',to_date('17.12.10','DD.MM.RR'));
Insert into LIEFERPROGRAMME (LIEF_NR,TNR,BESTELLNR,EINKAUFSPREIS,GESAMTMENGE,ZEITSTEMPEL) values ('3','46','414','30.8','85',to_date('17.12.10','DD.MM.RR'));
Insert into LIEFERPROGRAMME (LIEF_NR,TNR,BESTELLNR,EINKAUFSPREIS,GESAMTMENGE,ZEITSTEMPEL) values ('3','47','423','77','87',to_date('17.12.10','DD.MM.RR'));
Insert into LIEFERPROGRAMME (LIEF_NR,TNR,BESTELLNR,EINKAUFSPREIS,GESAMTMENGE,ZEITSTEMPEL) values ('3','48','432','154','89',to_date('17.12.10','DD.MM.RR'));
Insert into LIEFERPROGRAMME (LIEF_NR,TNR,BESTELLNR,EINKAUFSPREIS,GESAMTMENGE,ZEITSTEMPEL) values ('3','49','441','11','91',to_date('17.12.10','DD.MM.RR'));
Insert into LIEFERPROGRAMME (LIEF_NR,TNR,BESTELLNR,EINKAUFSPREIS,GESAMTMENGE,ZEITSTEMPEL) values ('3','50','450','18.7','93',to_date('17.12.10','DD.MM.RR'));
Insert into LIEFERPROGRAMME (LIEF_NR,TNR,BESTELLNR,EINKAUFSPREIS,GESAMTMENGE,ZEITSTEMPEL) values ('3','51','459','165','95',to_date('17.12.10','DD.MM.RR'));
Insert into LIEFERPROGRAMME (LIEF_NR,TNR,BESTELLNR,EINKAUFSPREIS,GESAMTMENGE,ZEITSTEMPEL) values ('3','52','468','88','97',to_date('17.12.10','DD.MM.RR'));
Insert into LIEFERPROGRAMME (LIEF_NR,TNR,BESTELLNR,EINKAUFSPREIS,GESAMTMENGE,ZEITSTEMPEL) values ('3','53','477','33','99',to_date('17.12.10','DD.MM.RR'));
--------------------------------------------------------
--  Insert into LAGER
--------------------------------------------------------
Insert into LAGER (LANR,BEZEICHNUNG,ORT,STRASSE) values ('1','Hauptlager','Köln','Eibenweg');
Insert into LAGER (LANR,BEZEICHNUNG,ORT,STRASSE) values ('2','Nebenlager','Gummersbach','Am Sandberg');
Insert into LAGER (LANR,BEZEICHNUNG,ORT,STRASSE) values ('3','Verladelager','Dortmund','Hansastr.');
--------------------------------------------------------
--  Insert into LAGERBESTAND
--------------------------------------------------------
Insert into LAGERBESTAND (LANR,TNR,BESTAND,ZEITSTEMPEL) values ('1','1','2000',to_date('15.12.10','DD.MM.RR'));
Insert into LAGERBESTAND (LANR,TNR,BESTAND,ZEITSTEMPEL) values ('1','31','2000',to_date('15.12.10','DD.MM.RR'));
Insert into LAGERBESTAND (LANR,TNR,BESTAND,ZEITSTEMPEL) values ('1','57','1000',to_date('15.12.10','DD.MM.RR'));
Insert into LAGERBESTAND (LANR,TNR,BESTAND,ZEITSTEMPEL) values ('1','58','899',to_date('15.12.10','DD.MM.RR'));
Insert into LAGERBESTAND (LANR,TNR,BESTAND,ZEITSTEMPEL) values ('2','55','2000',to_date('15.12.10','DD.MM.RR'));
Insert into LAGERBESTAND (LANR,TNR,BESTAND,ZEITSTEMPEL) values ('2','56','2000',to_date('15.12.10','DD.MM.RR'));
Insert into LAGERBESTAND (LANR,TNR,BESTAND,ZEITSTEMPEL) values ('2','57','1000',to_date('15.12.10','DD.MM.RR'));
Insert into LAGERBESTAND (LANR,TNR,BESTAND,ZEITSTEMPEL) values ('2','58','899',to_date('15.12.10','DD.MM.RR'));
Insert into LAGERBESTAND (LANR,TNR,BESTAND,ZEITSTEMPEL) values ('3','1','2000',to_date('15.12.10','DD.MM.RR'));
Insert into LAGERBESTAND (LANR,TNR,BESTAND,ZEITSTEMPEL) values ('3','31','2000',to_date('15.12.10','DD.MM.RR'));
Insert into LAGERBESTAND (LANR,TNR,BESTAND,ZEITSTEMPEL) values ('3','54','1000',to_date('15.12.10','DD.MM.RR'));
Insert into LAGERBESTAND (LANR,TNR,BESTAND,ZEITSTEMPEL) values ('3','60','899',to_date('15.12.10','DD.MM.RR'));
Insert into LAGERBESTAND (LANR,TNR,BESTAND,ZEITSTEMPEL) values ('3','61','1000',to_date('15.12.10','DD.MM.RR'));
Insert into LAGERBESTAND (LANR,TNR,BESTAND,ZEITSTEMPEL) values ('3','58','899',to_date('15.12.10','DD.MM.RR'));
Insert into LAGERBESTAND (LANR,TNR,BESTAND,ZEITSTEMPEL) values ('2','1','4000',to_date('15.12.10','DD.MM.RR'));
--------------------------------------------------------
--  Insert into KUNDEN
--------------------------------------------------------
Insert into KUNDEN (KUN_NR,NACHNAME,VORNAME,GESCHLECHT,ORT,STRASSE,TELEFONNR,ZEITSTEMPEL) values ('1','Tholler','Andreas','m','Köln','Belaweg','0221/956788',to_date('15.12.10','DD.MM.RR'));
Insert into KUNDEN (KUN_NR,NACHNAME,VORNAME,GESCHLECHT,ORT,STRASSE,TELEFONNR,ZEITSTEMPEL) values ('2','Falk','Bernhardt','m','Köln','Auf dem Hügel','0221/2345690',to_date('15.12.10','DD.MM.RR'));
Insert into KUNDEN (KUN_NR,NACHNAME,VORNAME,GESCHLECHT,ORT,STRASSE,TELEFONNR,ZEITSTEMPEL) values ('3','Müller','Tobias','m','Köln','Bennstr','0221/5566123',to_date('15.12.10','DD.MM.RR'));
Insert into KUNDEN (KUN_NR,NACHNAME,VORNAME,GESCHLECHT,ORT,STRASSE,TELEFONNR,ZEITSTEMPEL) values ('4','Franz','Helga','w','Köln','Bahnhofstr.','0221/5566901',to_date('15.12.10','DD.MM.RR'));
Insert into KUNDEN (KUN_NR,NACHNAME,VORNAME,GESCHLECHT,ORT,STRASSE,TELEFONNR,ZEITSTEMPEL) values ('5','Sündbald','Hannelore','w','Gummersbach','Luisenstr','02261/4588',to_date('15.12.10','DD.MM.RR'));
Insert into KUNDEN (KUN_NR,NACHNAME,VORNAME,GESCHLECHT,ORT,STRASSE,TELEFONNR,ZEITSTEMPEL) values ('6','Wal','Birgit','w','Gummersbach','Löh','02261/4471',to_date('15.12.10','DD.MM.RR'));
Insert into KUNDEN (KUN_NR,NACHNAME,VORNAME,GESCHLECHT,ORT,STRASSE,TELEFONNR,ZEITSTEMPEL) values ('7','Tisch','Hartmut','m','Gladbeck','Agathastr.','02271/75613',to_date('15.12.10','DD.MM.RR'));
--------------------------------------------------------
--  Insert into GEH_KLASSEN
--------------------------------------------------------
Insert into GEH_KLASSEN (GEH_KLASSE,MAX_GEHALT,MIN_GEHALT) values ('1','100000','8000');
Insert into GEH_KLASSEN (GEH_KLASSE,MAX_GEHALT,MIN_GEHALT) values ('2','7999','6000');
Insert into GEH_KLASSEN (GEH_KLASSE,MAX_GEHALT,MIN_GEHALT) values ('3','5999','4000');
Insert into GEH_KLASSEN (GEH_KLASSE,MAX_GEHALT,MIN_GEHALT) values ('4','3999','2000');
Insert into GEH_KLASSEN (GEH_KLASSE,MAX_GEHALT,MIN_GEHALT) values ('5','1999','620');
Insert into GEH_KLASSEN (GEH_KLASSE,MAX_GEHALT,MIN_GEHALT) values ('6','620','0');
--------------------------------------------------------
--  Insert into ARTIKEL
--------------------------------------------------------
Insert into ARTIKEL (TNR,BEZEICHNUNG,ARTIKEL_TYP,VERKAUFSPREIS,JAHRESUMSATZ,ZEITSTEMPEL) values ('1','Rocky Mountain Element Race Typ 1','Mountainbike','3500','200',to_date('15.12.10','DD.MM.RR'));
Insert into ARTIKEL (TNR,BEZEICHNUNG,ARTIKEL_TYP,VERKAUFSPREIS,JAHRESUMSATZ,ZEITSTEMPEL) values ('31','Herrenrad GT-LTS 18','Rennrad','3500','400',to_date('15.12.10','DD.MM.RR'));
Insert into ARTIKEL (TNR,BEZEICHNUNG,ARTIKEL_TYP,VERKAUFSPREIS,JAHRESUMSATZ,ZEITSTEMPEL) values ('54','Klapprad Prompton P3','Klapprad','1600','180',to_date('15.12.10','DD.MM.RR'));
Insert into ARTIKEL (TNR,BEZEICHNUNG,ARTIKEL_TYP,VERKAUFSPREIS,JAHRESUMSATZ,ZEITSTEMPEL) values ('55','CANNONDALE FSL','Mountainbike','3700','80',to_date('15.12.10','DD.MM.RR'));
Insert into ARTIKEL (TNR,BEZEICHNUNG,ARTIKEL_TYP,VERKAUFSPREIS,JAHRESUMSATZ,ZEITSTEMPEL) values ('56','HERCULES NEPA','Trekkingrad','1700','80',to_date('15.12.10','DD.MM.RR'));
Insert into ARTIKEL (TNR,BEZEICHNUNG,ARTIKEL_TYP,VERKAUFSPREIS,JAHRESUMSATZ,ZEITSTEMPEL) values ('57','Steppenwolf TAO','Mountainbike','1900','80',to_date('15.12.10','DD.MM.RR'));
Insert into ARTIKEL (TNR,BEZEICHNUNG,ARTIKEL_TYP,VERKAUFSPREIS,JAHRESUMSATZ,ZEITSTEMPEL) values ('58','SWITCHBACK AGENT','Jugendrad','899','80',to_date('15.12.10','DD.MM.RR'));
Insert into ARTIKEL (TNR,BEZEICHNUNG,ARTIKEL_TYP,VERKAUFSPREIS,JAHRESUMSATZ,ZEITSTEMPEL) values ('59','STEVENS R.P.R.2 RX100 8FACH','Rennmaschine','1800','80',to_date('15.12.10','DD.MM.RR'));
Insert into ARTIKEL (TNR,BEZEICHNUNG,ARTIKEL_TYP,VERKAUFSPREIS,JAHRESUMSATZ,ZEITSTEMPEL) values ('60','Scott ATACAMA TOUR','Crossrad','2399','80',to_date('15.12.10','DD.MM.RR'));
Insert into ARTIKEL (TNR,BEZEICHNUNG,ARTIKEL_TYP,VERKAUFSPREIS,JAHRESUMSATZ,ZEITSTEMPEL) values ('61','ROTWILD RCC-03','Mountainbike','3499','80',to_date('15.12.10','DD.MM.RR'));
--------------------------------------------------------
--  Insert into AUFTRAEGE
--------------------------------------------------------
Insert into AUFTRAEGE (AUFTRAGSNR,AUFTRAGS_TYP,KUN_NR,ANG_NR,BEREITS_GEZAHLT,BESTELLDATUM,LIEFERDATUM,RECHNUNGSDATUM,ZEITSTEMPEL) values ('1','Auftrag','1','3','0',to_date('15.12.10','DD.MM.RR'),to_date('14.01.11','DD.MM.RR'),to_date('13.02.11','DD.MM.RR'),to_date('15.12.10','DD.MM.RR'));
Insert into AUFTRAEGE (AUFTRAGSNR,AUFTRAGS_TYP,KUN_NR,ANG_NR,BEREITS_GEZAHLT,BESTELLDATUM,LIEFERDATUM,RECHNUNGSDATUM,ZEITSTEMPEL) values ('2','Auftrag','2','12','0',to_date('15.12.10','DD.MM.RR'),to_date('04.01.11','DD.MM.RR'),to_date('24.01.11','DD.MM.RR'),to_date('15.12.10','DD.MM.RR'));
Insert into AUFTRAEGE (AUFTRAGSNR,AUFTRAGS_TYP,KUN_NR,ANG_NR,BEREITS_GEZAHLT,BESTELLDATUM,LIEFERDATUM,RECHNUNGSDATUM,ZEITSTEMPEL) values ('3','Angebot','5','12','0',to_date('15.12.10','DD.MM.RR'),to_date('04.01.11','DD.MM.RR'),to_date('24.01.11','DD.MM.RR'),to_date('15.12.10','DD.MM.RR'));
Insert into AUFTRAEGE (AUFTRAGSNR,AUFTRAGS_TYP,KUN_NR,ANG_NR,BEREITS_GEZAHLT,BESTELLDATUM,LIEFERDATUM,RECHNUNGSDATUM,ZEITSTEMPEL) values ('4','Auftrag','2','13','0',to_date('15.12.10','DD.MM.RR'),to_date('04.01.11','DD.MM.RR'),to_date('24.01.11','DD.MM.RR'),to_date('15.12.10','DD.MM.RR'));
Insert into AUFTRAEGE (AUFTRAGSNR,AUFTRAGS_TYP,KUN_NR,ANG_NR,BEREITS_GEZAHLT,BESTELLDATUM,LIEFERDATUM,RECHNUNGSDATUM,ZEITSTEMPEL) values ('5','Angebot','3','27','0',to_date('15.12.10','DD.MM.RR'),to_date('04.01.11','DD.MM.RR'),to_date('24.01.11','DD.MM.RR'),to_date('15.12.10','DD.MM.RR'));
Insert into AUFTRAEGE (AUFTRAGSNR,AUFTRAGS_TYP,KUN_NR,ANG_NR,BEREITS_GEZAHLT,BESTELLDATUM,LIEFERDATUM,RECHNUNGSDATUM,ZEITSTEMPEL) values ('6','Auftrag','2','3','0',to_date('15.12.10','DD.MM.RR'),to_date('04.01.11','DD.MM.RR'),to_date('24.01.11','DD.MM.RR'),to_date('15.12.10','DD.MM.RR'));
--------------------------------------------------------
--  Insert into AUFTRAGSPOSITIONEN
--------------------------------------------------------
Insert into AUFTRAGSPOSITIONEN (TNR,AUFTRAGSNR,MENGE) values ('59','6','1');
Insert into AUFTRAGSPOSITIONEN (TNR,AUFTRAGSNR,MENGE) values ('1','1','1');
Insert into AUFTRAGSPOSITIONEN (TNR,AUFTRAGSNR,MENGE) values ('31','1','2');
Insert into AUFTRAGSPOSITIONEN (TNR,AUFTRAGSNR,MENGE) values ('31','2','2');
Insert into AUFTRAGSPOSITIONEN (TNR,AUFTRAGSNR,MENGE) values ('60','2','1');
Insert into AUFTRAGSPOSITIONEN (TNR,AUFTRAGSNR,MENGE) values ('57','2','1');
Insert into AUFTRAGSPOSITIONEN (TNR,AUFTRAGSNR,MENGE) values ('31','3','10');
Insert into AUFTRAGSPOSITIONEN (TNR,AUFTRAGSNR,MENGE) values ('55','3','1');
Insert into AUFTRAGSPOSITIONEN (TNR,AUFTRAGSNR,MENGE) values ('58','4','1000');
Insert into AUFTRAGSPOSITIONEN (TNR,AUFTRAGSNR,MENGE) values ('58','5','18');
Insert into AUFTRAGSPOSITIONEN (TNR,AUFTRAGSNR,MENGE) values ('56','5','1');
Insert into AUFTRAGSPOSITIONEN (TNR,AUFTRAGSNR,MENGE) values ('57','5','12');
Insert into AUFTRAGSPOSITIONEN (TNR,AUFTRAGSNR,MENGE) values ('1','6','120');
Insert into AUFTRAGSPOSITIONEN (TNR,AUFTRAGSNR,MENGE) values ('31','6','130');

COMMIT;
