--------------------------------------------------------
--  Flughafen Datenbank   
--------------------------------------------------------
--------------------------------------------------------
--  DML Insert Statements Flughafen
--------------------------------------------------------
--------------------------------------------------------
--  INSERTING into table PERSON
--------------------------------------------------------
Insert into PERSON (PERSONID,VORNAME,NACHNAME,GEBURTSDATUM) values ('1','Harald','Wahl',to_date('01.01.1970','DD.MM.YYYY'));
Insert into PERSON (PERSONID,VORNAME,NACHNAME,GEBURTSDATUM) values ('33','Alexander','Neubauer',to_date('01.01.2000','DD.MM.YYYY'));
Insert into PERSON (PERSONID,VORNAME,NACHNAME,GEBURTSDATUM) values ('64','Jack','Millhouse',to_date('01.03.1950','DD.MM.YYYY'));
Insert into PERSON (PERSONID,VORNAME,NACHNAME,GEBURTSDATUM) values ('65','Hans','Klauber',to_date('01.03.1951','DD.MM.YYYY'));
Insert into PERSON (PERSONID,VORNAME,NACHNAME,GEBURTSDATUM) values ('66','Fritz','Neckam',to_date('01.03.1952','DD.MM.YYYY'));
Insert into PERSON (PERSONID,VORNAME,NACHNAME,GEBURTSDATUM) values ('67','Georg','Hagmann',to_date('01.03.1953','DD.MM.YYYY'));
Insert into PERSON (PERSONID,VORNAME,NACHNAME,GEBURTSDATUM) values ('68','Andrea','Brandstetter',to_date('01.03.1954','DD.MM.YYYY'));
Insert into PERSON (PERSONID,VORNAME,NACHNAME,GEBURTSDATUM) values ('69','Phil','Niedermayr',to_date('01.03.1955','DD.MM.YYYY'));
Insert into PERSON (PERSONID,VORNAME,NACHNAME,GEBURTSDATUM) values ('70','Martin','Hartlauer',to_date('01.03.1956','DD.MM.YYYY'));
Insert into PERSON (PERSONID,VORNAME,NACHNAME,GEBURTSDATUM) values ('71','Martina','Saturn',to_date('01.03.1957','DD.MM.YYYY'));
Insert into PERSON (PERSONID,VORNAME,NACHNAME,GEBURTSDATUM) values ('72','Michael','Newer',to_date('01.03.1958','DD.MM.YYYY'));
Insert into PERSON (PERSONID,VORNAME,NACHNAME,GEBURTSDATUM) values ('73','Sebastian','Donever',to_date('01.03.1959','DD.MM.YYYY'));
Insert into PERSON (PERSONID,VORNAME,NACHNAME,GEBURTSDATUM) values ('74','Rene','Bäcker',to_date('01.03.1960','DD.MM.YYYY'));
Insert into PERSON (PERSONID,VORNAME,NACHNAME,GEBURTSDATUM) values ('75','Eric','Mode',to_date('01.03.1961','DD.MM.YYYY'));
Insert into PERSON (PERSONID,VORNAME,NACHNAME,GEBURTSDATUM) values ('76','Nadine','Balz',to_date('01.03.1962','DD.MM.YYYY'));
Insert into PERSON (PERSONID,VORNAME,NACHNAME,GEBURTSDATUM) values ('77','Basti','Muster',to_date('01.03.1963','DD.MM.YYYY'));
Insert into PERSON (PERSONID,VORNAME,NACHNAME,GEBURTSDATUM) values ('78','Carina','Quer',to_date('01.03.1964','DD.MM.YYYY'));
Insert into PERSON (PERSONID,VORNAME,NACHNAME,GEBURTSDATUM) values ('79','Verena','Sack',to_date('01.03.1965','DD.MM.YYYY'));
Insert into PERSON (PERSONID,VORNAME,NACHNAME,GEBURTSDATUM) values ('80','Klaus','Nachbar',to_date('01.03.1966','DD.MM.YYYY'));
Insert into PERSON (PERSONID,VORNAME,NACHNAME,GEBURTSDATUM) values ('81','Lukas','Mill',to_date('01.03.1967','DD.MM.YYYY'));
Insert into PERSON (PERSONID,VORNAME,NACHNAME,GEBURTSDATUM) values ('82','Thomas','House',to_date('01.03.1968','DD.MM.YYYY'));
Insert into PERSON (PERSONID,VORNAME,NACHNAME,GEBURTSDATUM) values ('83','Markus','Grey',to_date('01.03.1969','DD.MM.YYYY'));
Insert into PERSON (PERSONID,VORNAME,NACHNAME,GEBURTSDATUM) values ('84','Theodor','Simpsons',to_date('01.03.1970','DD.MM.YYYY'));
Insert into PERSON (PERSONID,VORNAME,NACHNAME,GEBURTSDATUM) values ('85','Hannes','Mil',to_date('01.03.1971','DD.MM.YYYY'));
Insert into PERSON (PERSONID,VORNAME,NACHNAME,GEBURTSDATUM) values ('86','Johannes','Tief',to_date('01.03.1972','DD.MM.YYYY'));
Insert into PERSON (PERSONID,VORNAME,NACHNAME,GEBURTSDATUM) values ('87','Matthias','Wall',to_date('01.03.1973','DD.MM.YYYY'));
Insert into PERSON (PERSONID,VORNAME,NACHNAME,GEBURTSDATUM) values ('88','Roman','Street',to_date('01.03.1974','DD.MM.YYYY'));
Insert into PERSON (PERSONID,VORNAME,NACHNAME,GEBURTSDATUM) values ('89','Christoph','Mob',to_date('01.03.1975','DD.MM.YYYY'));
Insert into PERSON (PERSONID,VORNAME,NACHNAME,GEBURTSDATUM) values ('90','Stefan','Austria',to_date('01.03.1976','DD.MM.YYYY'));
Insert into PERSON (PERSONID,VORNAME,NACHNAME,GEBURTSDATUM) values ('91','Max','Lustenau',to_date('01.03.1977','DD.MM.YYYY'));
Insert into PERSON (PERSONID,VORNAME,NACHNAME,GEBURTSDATUM) values ('92','Miriam','Rapid',to_date('01.03.1978','DD.MM.YYYY'));
Insert into PERSON (PERSONID,VORNAME,NACHNAME,GEBURTSDATUM) values ('93','Katrin','Innsbruck',to_date('01.03.1979','DD.MM.YYYY'));
Insert into PERSON (PERSONID,VORNAME,NACHNAME,GEBURTSDATUM) values ('94','Rene','Riedinger',to_date('05.12.1985','DD.MM.YYYY'));
Insert into PERSON (PERSONID,VORNAME,NACHNAME,GEBURTSDATUM) values ('95','Abel','Achatz',to_date('05.10.1968','DD.MM.YYYY'));
Insert into PERSON (PERSONID,VORNAME,NACHNAME,GEBURTSDATUM) values ('96','Adalbero','Ackerl',to_date('07.09.1975','DD.MM.YYYY'));
Insert into PERSON (PERSONID,VORNAME,NACHNAME,GEBURTSDATUM) values ('97','Abraham','Aichelberger',to_date('12.08.1960','DD.MM.YYYY'));
Insert into PERSON (PERSONID,VORNAME,NACHNAME,GEBURTSDATUM) values ('98','Adam','Altmann',to_date('29.12.1955','DD.MM.YYYY'));
Insert into PERSON (PERSONID,VORNAME,NACHNAME,GEBURTSDATUM) values ('99','Adamo','Ammer',to_date('31.01.1955','DD.MM.YYYY'));
Insert into PERSON (PERSONID,VORNAME,NACHNAME,GEBURTSDATUM) values ('100','Adolfo','Angerhofer',to_date('27.03.1944','DD.MM.YYYY'));
Insert into PERSON (PERSONID,VORNAME,NACHNAME,GEBURTSDATUM) values ('101','Adrian','Anzengruber',to_date('15.04.1930','DD.MM.YYYY'));
Insert into PERSON (PERSONID,VORNAME,NACHNAME,GEBURTSDATUM) values ('102','Adriano','Aschauer',to_date('17.12.1933','DD.MM.YYYY'));
Insert into PERSON (PERSONID,VORNAME,NACHNAME,GEBURTSDATUM) values ('103','Adrianus','Aschl',to_date('19.07.1990','DD.MM.YYYY'));
Insert into PERSON (PERSONID,VORNAME,NACHNAME,GEBURTSDATUM) values ('104','Adrianos','Augeneder',to_date('05.05.1995','DD.MM.YYYY'));
Insert into PERSON (PERSONID,VORNAME,NACHNAME,GEBURTSDATUM) values ('105','Alain','Auinger',to_date('11.09.1962','DD.MM.YYYY'));
Insert into PERSON (PERSONID,VORNAME,NACHNAME,GEBURTSDATUM) values ('106','Alajos','Aumayr',to_date('22.10.1944','DD.MM.YYYY'));
Insert into PERSON (PERSONID,VORNAME,NACHNAME,GEBURTSDATUM) values ('107','Alan','Jäger',to_date('06.06.1979','DD.MM.YYYY'));
Insert into PERSON (PERSONID,VORNAME,NACHNAME,GEBURTSDATUM) values ('108','Kai','Jaut',to_date('07.09.1980','DD.MM.YYYY'));
Insert into PERSON (PERSONID,VORNAME,NACHNAME,GEBURTSDATUM) values ('109','Swen','Janus',to_date('02.08.1999','DD.MM.YYYY'));
Insert into PERSON (PERSONID,VORNAME,NACHNAME,GEBURTSDATUM) values ('110','Rafael','Leuven',to_date('04.02.1970','DD.MM.YYYY'));
Insert into PERSON (PERSONID,VORNAME,NACHNAME,GEBURTSDATUM) values ('111','Raffaele','van Lusignon',to_date('05.03.1971','DD.MM.YYYY'));
Insert into PERSON (PERSONID,VORNAME,NACHNAME,GEBURTSDATUM) values ('112','Raffaelo','van Marc',to_date('06.09.1967','DD.MM.YYYY'));
Insert into PERSON (PERSONID,VORNAME,NACHNAME,GEBURTSDATUM) values ('113','Raffaello','van Picquigny',to_date('22.10.1969','DD.MM.YYYY'));
Insert into PERSON (PERSONID,VORNAME,NACHNAME,GEBURTSDATUM) values ('114','Raimund','van Saint-Omer',to_date('21.02.2000','DD.MM.YYYY'));
Insert into PERSON (PERSONID,VORNAME,NACHNAME,GEBURTSDATUM) values ('115','Rainer','Wallis',to_date('24.03.2002','DD.MM.YYYY'));
Insert into PERSON (PERSONID,VORNAME,NACHNAME,GEBURTSDATUM) values ('116','Ebony','Gruber',to_date('10.06.1998','DD.MM.YYYY'));
Insert into PERSON (PERSONID,VORNAME,NACHNAME,GEBURTSDATUM) values ('117','Edda','Waldner',to_date('11.05.1999','DD.MM.YYYY'));
Insert into PERSON (PERSONID,VORNAME,NACHNAME,GEBURTSDATUM) values ('118','Edwina','Mueller',to_date('21.11.1984','DD.MM.YYYY'));
Insert into PERSON (PERSONID,VORNAME,NACHNAME,GEBURTSDATUM) values ('119','Eika','Sommer',to_date('01.01.1975','DD.MM.YYYY'));
Insert into PERSON (PERSONID,VORNAME,NACHNAME,GEBURTSDATUM) values ('120','Eila','Bauer',to_date('12.12.1972','DD.MM.YYYY'));
Insert into PERSON (PERSONID,VORNAME,NACHNAME,GEBURTSDATUM) values ('121','Eileen','Hallstroem',to_date('01.11.1941','DD.MM.YYYY'));
Insert into PERSON (PERSONID,VORNAME,NACHNAME,GEBURTSDATUM) values ('122','Karoline','Zack',to_date('15.06.1992','DD.MM.YYYY'));
Insert into PERSON (PERSONID,VORNAME,NACHNAME,GEBURTSDATUM) values ('123','Kassandra','Gehmeier',to_date('09.08.1993','DD.MM.YYYY'));
Insert into PERSON (PERSONID,VORNAME,NACHNAME,GEBURTSDATUM) values ('124','Katalin','Scheumbauer',to_date('12.02.1995','DD.MM.YYYY'));
Insert into PERSON (PERSONID,VORNAME,NACHNAME,GEBURTSDATUM) values ('125','Micky','Maus',to_date('01.02.1985','DD.MM.YYYY'));
Insert into PERSON (PERSONID,VORNAME,NACHNAME,GEBURTSDATUM) values ('126','Minni','Maus',to_date('02.02.1985','DD.MM.YYYY'));
Insert into PERSON (PERSONID,VORNAME,NACHNAME,GEBURTSDATUM) values ('127','Pluto','Hund',to_date('03.02.1985','DD.MM.YYYY'));
Insert into PERSON (PERSONID,VORNAME,NACHNAME,GEBURTSDATUM) values ('128','Donald','Duck',to_date('04.02.1985','DD.MM.YYYY'));
Insert into PERSON (PERSONID,VORNAME,NACHNAME,GEBURTSDATUM) values ('129','Dagobert','Duck',to_date('05.02.1985','DD.MM.YYYY'));
Insert into PERSON (PERSONID,VORNAME,NACHNAME,GEBURTSDATUM) values ('130','Tick','Duck',to_date('06.02.1985','DD.MM.YYYY'));
Insert into PERSON (PERSONID,VORNAME,NACHNAME,GEBURTSDATUM) values ('131','Trick','Duck',to_date('07.02.1985','DD.MM.YYYY'));
Insert into PERSON (PERSONID,VORNAME,NACHNAME,GEBURTSDATUM) values ('132','Track','Duck',to_date('08.02.1985','DD.MM.YYYY'));
Insert into PERSON (PERSONID,VORNAME,NACHNAME,GEBURTSDATUM) values ('133','Goofy','Muster',to_date('09.02.1985','DD.MM.YYYY'));
Insert into PERSON (PERSONID,VORNAME,NACHNAME,GEBURTSDATUM) values ('134','Daniel','Düsentrieb',to_date('10.02.1985','DD.MM.YYYY'));
Insert into PERSON (PERSONID,VORNAME,NACHNAME,GEBURTSDATUM) values ('135','Krachbumm','Ente',to_date('11.02.1985','DD.MM.YYYY'));
Insert into PERSON (PERSONID,VORNAME,NACHNAME,GEBURTSDATUM) values ('136','Max','Mustermann',to_date('12.02.1985','DD.MM.YYYY'));
Insert into PERSON (PERSONID,VORNAME,NACHNAME,GEBURTSDATUM) values ('137','Karlo','Kater',to_date('13.02.1985','DD.MM.YYYY'));
Insert into PERSON (PERSONID,VORNAME,NACHNAME,GEBURTSDATUM) values ('138','KJ','Kater',to_date('14.02.1985','DD.MM.YYYY'));
Insert into PERSON (PERSONID,VORNAME,NACHNAME,GEBURTSDATUM) values ('139','Gustav','Duck',to_date('15.02.1985','DD.MM.YYYY'));
Insert into PERSON (PERSONID,VORNAME,NACHNAME,GEBURTSDATUM) values ('140','Martin','Luttkus',to_date('16.02.1985','DD.MM.YYYY'));
Insert into PERSON (PERSONID,VORNAME,NACHNAME,GEBURTSDATUM) values ('141','Max','Luttkus',to_date('17.02.1985','DD.MM.YYYY'));
Insert into PERSON (PERSONID,VORNAME,NACHNAME,GEBURTSDATUM) values ('142','Rene','Luttkus',to_date('18.02.1985','DD.MM.YYYY'));
Insert into PERSON (PERSONID,VORNAME,NACHNAME,GEBURTSDATUM) values ('143','Philipp','Luttkus',to_date('19.02.1985','DD.MM.YYYY'));
Insert into PERSON (PERSONID,VORNAME,NACHNAME,GEBURTSDATUM) values ('144','Jakob','Luttkus',to_date('20.02.1985','DD.MM.YYYY'));
Insert into PERSON (PERSONID,VORNAME,NACHNAME,GEBURTSDATUM) values ('145','Stefan','Luttkus',to_date('21.02.1985','DD.MM.YYYY'));
Insert into PERSON (PERSONID,VORNAME,NACHNAME,GEBURTSDATUM) values ('146','Michael','Luttkus',to_date('22.02.1985','DD.MM.YYYY'));
Insert into PERSON (PERSONID,VORNAME,NACHNAME,GEBURTSDATUM) values ('147','Jana','Luttkus',to_date('23.02.1985','DD.MM.YYYY'));
Insert into PERSON (PERSONID,VORNAME,NACHNAME,GEBURTSDATUM) values ('148','Sigrun','Luttkus',to_date('24.02.1985','DD.MM.YYYY'));
Insert into PERSON (PERSONID,VORNAME,NACHNAME,GEBURTSDATUM) values ('149','Ana','Luttkus',to_date('25.02.1985','DD.MM.YYYY'));
Insert into PERSON (PERSONID,VORNAME,NACHNAME,GEBURTSDATUM) values ('150','Nikolaus','Luttkus',to_date('26.02.1985','DD.MM.YYYY'));
Insert into PERSON (PERSONID,VORNAME,NACHNAME,GEBURTSDATUM) values ('151','Christoph','Luttkus',to_date('27.02.1985','DD.MM.YYYY'));
Insert into PERSON (PERSONID,VORNAME,NACHNAME,GEBURTSDATUM) values ('152','Dominik','Luttkus',to_date('28.02.1985','DD.MM.YYYY'));
Insert into PERSON (PERSONID,VORNAME,NACHNAME,GEBURTSDATUM) values ('153','Andreas','Luttkus',to_date('01.03.1985','DD.MM.YYYY'));
Insert into PERSON (PERSONID,VORNAME,NACHNAME,GEBURTSDATUM) values ('154','Elisabeth','Luttkus',to_date('02.03.1985','DD.MM.YYYY'));
Insert into PERSON (PERSONID,VORNAME,NACHNAME,GEBURTSDATUM) values ('2','Christian','Kaufmann',to_date('02.02.1971','DD.MM.YYYY'));
Insert into PERSON (PERSONID,VORNAME,NACHNAME,GEBURTSDATUM) values ('5','Herbert','Maier',to_date('02.03.1985','DD.MM.YYYY'));
Insert into PERSON (PERSONID,VORNAME,NACHNAME,GEBURTSDATUM) values ('4','Christa','Mayer',to_date('25.03.1985','DD.MM.YYYY'));
Insert into PERSON (PERSONID,VORNAME,NACHNAME,GEBURTSDATUM) values ('3','Alexander','Mense',to_date('14.12.1969','DD.MM.YYYY'));
Insert into PERSON (PERSONID,VORNAME,NACHNAME,GEBURTSDATUM) values ('6','Chistine','Bauer',to_date('03.12.1981','DD.MM.YYYY'));
Insert into PERSON (PERSONID,VORNAME,NACHNAME,GEBURTSDATUM) values ('7','Christoph','Hoffmann',to_date('03.07.1979','DD.MM.YYYY'));
Insert into PERSON (PERSONID,VORNAME,NACHNAME,GEBURTSDATUM) values ('8','Markus','Seifert',to_date('13.05.1972','DD.MM.YYYY'));
Insert into PERSON (PERSONID,VORNAME,NACHNAME,GEBURTSDATUM) values ('9','Daniela','Klaus',to_date('12.04.1977','DD.MM.YYYY'));
Insert into PERSON (PERSONID,VORNAME,NACHNAME,GEBURTSDATUM) values ('10','Birgit','Schmidt',to_date('23.12.1978','DD.MM.YYYY'));
Insert into PERSON (PERSONID,VORNAME,NACHNAME,GEBURTSDATUM) values ('11','Jutta','Kneidinger',to_date('01.07.1972','DD.MM.YYYY'));
Insert into PERSON (PERSONID,VORNAME,NACHNAME,GEBURTSDATUM) values ('12','Helmut','Kofler',to_date('15.07.1979','DD.MM.YYYY'));
Insert into PERSON (PERSONID,VORNAME,NACHNAME,GEBURTSDATUM) values ('13','Herwig','Mann',to_date('09.12.1981','DD.MM.YYYY'));
Insert into PERSON (PERSONID,VORNAME,NACHNAME,GEBURTSDATUM) values ('14','Friedrich','Meier',to_date('06.07.1965','DD.MM.YYYY'));
Insert into PERSON (PERSONID,VORNAME,NACHNAME,GEBURTSDATUM) values ('15','Emilia','Bauer',to_date('22.05.1977','DD.MM.YYYY'));
Insert into PERSON (PERSONID,VORNAME,NACHNAME,GEBURTSDATUM) values ('16','Doris','Schmied',to_date('14.03.1982','DD.MM.YYYY'));
Insert into PERSON (PERSONID,VORNAME,NACHNAME,GEBURTSDATUM) values ('17','Doris','Schleier',to_date('14.02.1967','DD.MM.YYYY'));
Insert into PERSON (PERSONID,VORNAME,NACHNAME,GEBURTSDATUM) values ('18','Daniel','Hammer',to_date('03.05.1982','DD.MM.YYYY'));
Insert into PERSON (PERSONID,VORNAME,NACHNAME,GEBURTSDATUM) values ('19','Sabine','Kroll',to_date('11.01.1974','DD.MM.YYYY'));
Insert into PERSON (PERSONID,VORNAME,NACHNAME,GEBURTSDATUM) values ('20','Margit','Schlager',to_date('05.02.1976','DD.MM.YYYY'));
Insert into PERSON (PERSONID,VORNAME,NACHNAME,GEBURTSDATUM) values ('21','Gabriela','Burgstaller',to_date('03.05.1985','DD.MM.YYYY'));
Insert into PERSON (PERSONID,VORNAME,NACHNAME,GEBURTSDATUM) values ('22','Gabriele','Hofer',to_date('14.07.1972','DD.MM.YYYY'));
Insert into PERSON (PERSONID,VORNAME,NACHNAME,GEBURTSDATUM) values ('23','Karin','Sohn',to_date('03.09.1965','DD.MM.YYYY'));
Insert into PERSON (PERSONID,VORNAME,NACHNAME,GEBURTSDATUM) values ('24','Klaus','Böhm',to_date('04.04.1981','DD.MM.YYYY'));
Insert into PERSON (PERSONID,VORNAME,NACHNAME,GEBURTSDATUM) values ('25','Jürgen','Hofer',to_date('23.02.1977','DD.MM.YYYY'));
Insert into PERSON (PERSONID,VORNAME,NACHNAME,GEBURTSDATUM) values ('26','Hermann','Grün',to_date('16.08.1973','DD.MM.YYYY'));
Insert into PERSON (PERSONID,VORNAME,NACHNAME,GEBURTSDATUM) values ('27','Elisabeth','Vatter',to_date('15.03.1972','DD.MM.YYYY'));
Insert into PERSON (PERSONID,VORNAME,NACHNAME,GEBURTSDATUM) values ('28','Siglinde','Berg',to_date('15.02.1974','DD.MM.YYYY'));
Insert into PERSON (PERSONID,VORNAME,NACHNAME,GEBURTSDATUM) values ('29','Siegfired','Berger',to_date('04.01.1973','DD.MM.YYYY'));
Insert into PERSON (PERSONID,VORNAME,NACHNAME,GEBURTSDATUM) values ('30','Franz','HeYYYY',to_date('21.12.1973','DD.MM.YYYY'));
Insert into PERSON (PERSONID,VORNAME,NACHNAME,GEBURTSDATUM) values ('31','Johann','Schuster',to_date('05.06.1972','DD.MM.YYYY'));
Insert into PERSON (PERSONID,VORNAME,NACHNAME,GEBURTSDATUM) values ('32','Birgit','Gabriel',to_date('05.04.1972','DD.MM.YYYY'));
Insert into PERSON (PERSONID,VORNAME,NACHNAME,GEBURTSDATUM) values ('174','Rene','Kernegger',to_date('18.10.1985','DD.MM.YYYY'));
Insert into PERSON (PERSONID,VORNAME,NACHNAME,GEBURTSDATUM) values ('175','Franz','Kernegger',to_date('18.10.1965','DD.MM.YYYY'));
Insert into PERSON (PERSONID,VORNAME,NACHNAME,GEBURTSDATUM) values ('176','Andrea','Kernegger',to_date('13.03.1969','DD.MM.YYYY'));
Insert into PERSON (PERSONID,VORNAME,NACHNAME,GEBURTSDATUM) values ('177','Kevin','Kernegger',to_date('14.09.1990','DD.MM.YYYY'));
Insert into PERSON (PERSONID,VORNAME,NACHNAME,GEBURTSDATUM) values ('178','Marco','Kernegger',to_date('26.07.1996','DD.MM.YYYY'));
Insert into PERSON (PERSONID,VORNAME,NACHNAME,GEBURTSDATUM) values ('179','Karin','Popp',to_date('25.05.1987','DD.MM.YYYY'));
Insert into PERSON (PERSONID,VORNAME,NACHNAME,GEBURTSDATUM) values ('180','Sabine','Popp',to_date('22.06.1990','DD.MM.YYYY'));
Insert into PERSON (PERSONID,VORNAME,NACHNAME,GEBURTSDATUM) values ('181','Christian','Popp',to_date('05.09.2000','DD.MM.YYYY'));
Insert into PERSON (PERSONID,VORNAME,NACHNAME,GEBURTSDATUM) values ('182','Ludwig','Popp',to_date('10.09.1959','DD.MM.YYYY'));
Insert into PERSON (PERSONID,VORNAME,NACHNAME,GEBURTSDATUM) values ('183','Christine','Popp',to_date('13.06.1959','DD.MM.YYYY'));
Insert into PERSON (PERSONID,VORNAME,NACHNAME,GEBURTSDATUM) values ('184','Pascal','Stoegerer',to_date('18.02.1989','DD.MM.YYYY'));
Insert into PERSON (PERSONID,VORNAME,NACHNAME,GEBURTSDATUM) values ('185','Stefanie','Stoegerer',to_date('16.03.1988','DD.MM.YYYY'));
Insert into PERSON (PERSONID,VORNAME,NACHNAME,GEBURTSDATUM) values ('186','Markus','Zenz',to_date('06.01.1989','DD.MM.YYYY'));
Insert into PERSON (PERSONID,VORNAME,NACHNAME,GEBURTSDATUM) values ('187','Alexander','Schwarz',to_date('29.07.1987','DD.MM.YYYY'));
Insert into PERSON (PERSONID,VORNAME,NACHNAME,GEBURTSDATUM) values ('188','Herbert','Brunner',to_date('05.11.1986','DD.MM.YYYY'));
Insert into PERSON (PERSONID,VORNAME,NACHNAME,GEBURTSDATUM) values ('189','Alexander','Osou',to_date('11.03.1987','DD.MM.YYYY'));
Insert into PERSON (PERSONID,VORNAME,NACHNAME,GEBURTSDATUM) values ('190','Bernd','Steinberger',to_date('11.01.1987','DD.MM.YYYY'));
Insert into PERSON (PERSONID,VORNAME,NACHNAME,GEBURTSDATUM) values ('191','Nina','Student',to_date('05.08.1985','DD.MM.YYYY'));
Insert into PERSON (PERSONID,VORNAME,NACHNAME,GEBURTSDATUM) values ('192','Maria','Zweng',to_date('08.09.1929','DD.MM.YYYY'));
Insert into PERSON (PERSONID,VORNAME,NACHNAME,GEBURTSDATUM) values ('193','Karl','Zweng',to_date('02.03.1922','DD.MM.YYYY'));
Insert into PERSON (PERSONID,VORNAME,NACHNAME,GEBURTSDATUM) values ('194','Anton','Kernegger',to_date('02.05.1941','DD.MM.YYYY'));
Insert into PERSON (PERSONID,VORNAME,NACHNAME,GEBURTSDATUM) values ('195','Erna','Kernegger',to_date('03.03.1949','DD.MM.YYYY'));
Insert into PERSON (PERSONID,VORNAME,NACHNAME,GEBURTSDATUM) values ('196','Marlene','Lupert',to_date('12.02.1987','DD.MM.YYYY'));
Insert into PERSON (PERSONID,VORNAME,NACHNAME,GEBURTSDATUM) values ('197','Gamperl','Matthias',to_date('19.06.1987','DD.MM.YYYY'));
Insert into PERSON (PERSONID,VORNAME,NACHNAME,GEBURTSDATUM) values ('198','Andreas','Ebner',to_date('31.03.1988','DD.MM.YYYY'));
Insert into PERSON (PERSONID,VORNAME,NACHNAME,GEBURTSDATUM) values ('200','Moritz','Kaufmann',to_date('11.09.2002','DD.MM.YYYY'));
Insert into PERSON (PERSONID,VORNAME,NACHNAME,GEBURTSDATUM) values ('300','Jürgen','Hofbauer',to_date('10.11.1994','DD.MM.YYYY'));
Insert into PERSON (PERSONID,VORNAME,NACHNAME,GEBURTSDATUM) values ('301','Philipp','Pernerstorfer',to_date('02.11.1995','DD.MM.YYYY'));
Insert into PERSON (PERSONID,VORNAME,NACHNAME,GEBURTSDATUM) values ('302','Alex','Mai',to_date('10.04.1995','DD.MM.YYYY'));
Insert into PERSON (PERSONID,VORNAME,NACHNAME,GEBURTSDATUM) values ('303','Barney','Stinson',to_date('10.12.1986','DD.MM.YYYY'));
Insert into PERSON (PERSONID,VORNAME,NACHNAME,GEBURTSDATUM) values ('304','Locke','Jamson',to_date('12.08.1984','DD.MM.YYYY'));
Insert into PERSON (PERSONID,VORNAME,NACHNAME,GEBURTSDATUM) values ('305','Gray','Fullbuster',to_date('06.11.1992','DD.MM.YYYY'));
Insert into PERSON (PERSONID,VORNAME,NACHNAME,GEBURTSDATUM) values ('306','Ezio','Auditore',to_date('15.07.1989','DD.MM.YYYY'));
Insert into PERSON (PERSONID,VORNAME,NACHNAME,GEBURTSDATUM) values ('307','Natsu','Dragneel',to_date('04.01.1994','DD.MM.YYYY'));


--------------------------------------------------------
--  INSERTING into table LAND
--------------------------------------------------------
Insert into LAND (LANDID,KENNZEICHEN,BEZEICHNUNG) values ('43','AUT','Österreich');
Insert into LAND (LANDID,KENNZEICHEN,BEZEICHNUNG) values ('41','CH','Schweiz');
Insert into LAND (LANDID,KENNZEICHEN,BEZEICHNUNG) values ('371','LV','Lettland');
Insert into LAND (LANDID,KENNZEICHEN,BEZEICHNUNG) values ('370','LT','Litauen');
Insert into LAND (LANDID,KENNZEICHEN,BEZEICHNUNG) values ('49','GER','Deutschland');
Insert into LAND (LANDID,KENNZEICHEN,BEZEICHNUNG) values ('34','ESP','Spanien');
Insert into LAND (LANDID,KENNZEICHEN,BEZEICHNUNG) values ('244','AND','Andorra');
Insert into LAND (LANDID,KENNZEICHEN,BEZEICHNUNG) values ('45','DEN','Dänemark');
Insert into LAND (LANDID,KENNZEICHEN,BEZEICHNUNG) values ('33','FRA','Frankreich');
Insert into LAND (LANDID,KENNZEICHEN,BEZEICHNUNG) values ('679','FJI','Fidschi');
Insert into LAND (LANDID,KENNZEICHEN,BEZEICHNUNG) values ('4175','LIE','Lichtenstein');
Insert into LAND (LANDID,KENNZEICHEN,BEZEICHNUNG) values ('352','LUX','Luxemburg');
Insert into LAND (LANDID,KENNZEICHEN,BEZEICHNUNG) values ('44','GBR','Großbritannien');
Insert into LAND (LANDID,KENNZEICHEN,BEZEICHNUNG) values ('36','HUN','Ungarn');
Insert into LAND (LANDID,KENNZEICHEN,BEZEICHNUNG) values ('81','JPN','Japan');


--------------------------------------------------------
--  INSERTING into table ORT
--------------------------------------------------------
Insert into ORT (PLZ,LANDID,BEZEICHNUNG) values ('1010','43','Wien');
Insert into ORT (PLZ,LANDID,BEZEICHNUNG) values ('1020','43','Wien');
Insert into ORT (PLZ,LANDID,BEZEICHNUNG) values ('1030','43','Wien');
Insert into ORT (PLZ,LANDID,BEZEICHNUNG) values ('1040','43','Wien');
Insert into ORT (PLZ,LANDID,BEZEICHNUNG) values ('1050','43','Wien');
Insert into ORT (PLZ,LANDID,BEZEICHNUNG) values ('1060','43','Wien');
Insert into ORT (PLZ,LANDID,BEZEICHNUNG) values ('1070','43','Wien');
Insert into ORT (PLZ,LANDID,BEZEICHNUNG) values ('1080','43','Wien');
Insert into ORT (PLZ,LANDID,BEZEICHNUNG) values ('1090','43','Wien');
Insert into ORT (PLZ,LANDID,BEZEICHNUNG) values ('1100','43','Wien');
Insert into ORT (PLZ,LANDID,BEZEICHNUNG) values ('1110','43','Wien');
Insert into ORT (PLZ,LANDID,BEZEICHNUNG) values ('1120','43','Wien');
Insert into ORT (PLZ,LANDID,BEZEICHNUNG) values ('1130','43','Wien');
Insert into ORT (PLZ,LANDID,BEZEICHNUNG) values ('1140','43','Wien');
Insert into ORT (PLZ,LANDID,BEZEICHNUNG) values ('1150','43','Wien');
Insert into ORT (PLZ,LANDID,BEZEICHNUNG) values ('1160','43','Wien');
Insert into ORT (PLZ,LANDID,BEZEICHNUNG) values ('1170','43','Wien');
Insert into ORT (PLZ,LANDID,BEZEICHNUNG) values ('1180','43','Wien');
Insert into ORT (PLZ,LANDID,BEZEICHNUNG) values ('1190','43','Wien');
Insert into ORT (PLZ,LANDID,BEZEICHNUNG) values ('1200','43','Wien');
Insert into ORT (PLZ,LANDID,BEZEICHNUNG) values ('1210','43','Wien');
Insert into ORT (PLZ,LANDID,BEZEICHNUNG) values ('1220','43','Wien');
Insert into ORT (PLZ,LANDID,BEZEICHNUNG) values ('1230','43','Wien');
Insert into ORT (PLZ,LANDID,BEZEICHNUNG) values ('2020','43','Hollabrunn');
Insert into ORT (PLZ,LANDID,BEZEICHNUNG) values ('2000','43','Stockerau');
Insert into ORT (PLZ,LANDID,BEZEICHNUNG) values ('82100','49','München');
Insert into ORT (PLZ,LANDID,BEZEICHNUNG) values ('10115','49','Berlin');
Insert into ORT (PLZ,LANDID,BEZEICHNUNG) values ('2100','43','Korneuburg');
Insert into ORT (PLZ,LANDID,BEZEICHNUNG) values ('2003','43','Leitzersdorf');
Insert into ORT (PLZ,LANDID,BEZEICHNUNG) values ('2011','43','Sierndorf');
Insert into ORT (PLZ,LANDID,BEZEICHNUNG) values ('2102','43','Bisamberg');
Insert into ORT (PLZ,LANDID,BEZEICHNUNG) values ('2104','43','Spillern');
Insert into ORT (PLZ,LANDID,BEZEICHNUNG) values ('2130','43','Mistelbach');
Insert into ORT (PLZ,LANDID,BEZEICHNUNG) values ('2136','43','Laa');
Insert into ORT (PLZ,LANDID,BEZEICHNUNG) values ('2230','43','Gänserndorf');
Insert into ORT (PLZ,LANDID,BEZEICHNUNG) values ('2413','43','Berg bei Wolfsthal');
Insert into ORT (PLZ,LANDID,BEZEICHNUNG) values ('3970','43','Weitra');
Insert into ORT (PLZ,LANDID,BEZEICHNUNG) values ('3950','43','Gmünd');
Insert into ORT (PLZ,LANDID,BEZEICHNUNG) values ('2423','43','Deutsch Jahrndorf');
Insert into ORT (PLZ,LANDID,BEZEICHNUNG) values ('2460','43','Bruck an der Leitha');
Insert into ORT (PLZ,LANDID,BEZEICHNUNG) values ('2462','43','Wilfleinsdorf');
Insert into ORT (PLZ,LANDID,BEZEICHNUNG) values ('2474','43','Gattendorf');
Insert into ORT (PLZ,LANDID,BEZEICHNUNG) values ('2491','43','Neufeld an der Leitha');
Insert into ORT (PLZ,LANDID,BEZEICHNUNG) values ('7301','43','Deutschkreutz');
Insert into ORT (PLZ,LANDID,BEZEICHNUNG) values ('7304','43','Großwarasdorf');
Insert into ORT (PLZ,LANDID,BEZEICHNUNG) values ('10179','49','Berlin');
Insert into ORT (PLZ,LANDID,BEZEICHNUNG) values ('10189','49','Berlin');
Insert into ORT (PLZ,LANDID,BEZEICHNUNG) values ('10199','49','Berlin');
Insert into ORT (PLZ,LANDID,BEZEICHNUNG) values ('10122','49','Berlin');
Insert into ORT (PLZ,LANDID,BEZEICHNUNG) values ('10225','49','Berlin');
Insert into ORT (PLZ,LANDID,BEZEICHNUNG) values ('10235','49','Berlin');
Insert into ORT (PLZ,LANDID,BEZEICHNUNG) values ('10295','49','Berlin');
Insert into ORT (PLZ,LANDID,BEZEICHNUNG) values ('10286','49','Berlin');
Insert into ORT (PLZ,LANDID,BEZEICHNUNG) values ('3000','41','Bern');
Insert into ORT (PLZ,LANDID,BEZEICHNUNG) values ('3001','41','Bern');
Insert into ORT (PLZ,LANDID,BEZEICHNUNG) values ('3002','41','Bern');
Insert into ORT (PLZ,LANDID,BEZEICHNUNG) values ('3024','41','Bern');
Insert into ORT (PLZ,LANDID,BEZEICHNUNG) values ('3020','41','Bern');
Insert into ORT (PLZ,LANDID,BEZEICHNUNG) values ('3010','41','Bern');
Insert into ORT (PLZ,LANDID,BEZEICHNUNG) values ('3003','41','Bern');
Insert into ORT (PLZ,LANDID,BEZEICHNUNG) values ('3019','41','Bern');
Insert into ORT (PLZ,LANDID,BEZEICHNUNG) values ('3004','41','Bern');
Insert into ORT (PLZ,LANDID,BEZEICHNUNG) values ('3013','41','Bern');
Insert into ORT (PLZ,LANDID,BEZEICHNUNG) values ('1134','370','Vilnius');
Insert into ORT (PLZ,LANDID,BEZEICHNUNG) values ('3922','43','Gr.Schoenau');
Insert into ORT (PLZ,LANDID,BEZEICHNUNG) values ('4321','45','Paris');
Insert into ORT (PLZ,LANDID,BEZEICHNUNG) values ('1067','49','Dresden');
Insert into ORT (PLZ,LANDID,BEZEICHNUNG) values ('1239','36','Budapest');
Insert into ORT (PLZ,LANDID,BEZEICHNUNG) values ('1299','41','Genf');
Insert into ORT (PLZ,LANDID,BEZEICHNUNG) values ('28001','34','Madrid');
Insert into ORT (PLZ,LANDID,BEZEICHNUNG) values ('1778','45','Kopenhagen');
Insert into ORT (PLZ,LANDID,BEZEICHNUNG) values ('8001','34','Barcelona');
Insert into ORT (PLZ,LANDID,BEZEICHNUNG) values ('2880','43','Kirchberg am Wechsel');
Insert into ORT (PLZ,LANDID,BEZEICHNUNG) values ('2722','43','Winzendorf');
Insert into ORT (PLZ,LANDID,BEZEICHNUNG) values ('2632','43','Wimpassing');
Insert into ORT (PLZ,LANDID,BEZEICHNUNG) values ('4813','43','Altmünster');
Insert into ORT (PLZ,LANDID,BEZEICHNUNG) values ('4810','43','Gmunden');
Insert into ORT (PLZ,LANDID,BEZEICHNUNG) values ('4812','43','Pinsdorf');
Insert into ORT (PLZ,LANDID,BEZEICHNUNG) values ('4814','43','Neukirchen');
Insert into ORT (PLZ,LANDID,BEZEICHNUNG) values ('4840','43','Vöcklabruck');
Insert into ORT (PLZ,LANDID,BEZEICHNUNG) values ('44135','49','Dortmund');
Insert into ORT (PLZ,LANDID,BEZEICHNUNG) values ('6430','43','Ötztal Bahnhof');
Insert into ORT (PLZ,LANDID,BEZEICHNUNG) values ('6200','33','Nizza');
Insert into ORT (PLZ,LANDID,BEZEICHNUNG) values ('38428','34','Rosas');
Insert into ORT (PLZ,LANDID,BEZEICHNUNG) values ('2410','43','Hainburg');
Insert into ORT (PLZ,LANDID,BEZEICHNUNG) values ('2201','43','Gerasdorf');
Insert into ORT (PLZ,LANDID,BEZEICHNUNG) values ('2404','43','Petronell');
Insert into ORT (PLZ,LANDID,BEZEICHNUNG) values ('5020','43','Salzburg');
Insert into ORT (PLZ,LANDID,BEZEICHNUNG) values ('5023','43','Salzburg');
Insert into ORT (PLZ,LANDID,BEZEICHNUNG) values ('5026','43','Salzburg');
Insert into ORT (PLZ,LANDID,BEZEICHNUNG) values ('2023','43','Nappersdorf');
Insert into ORT (PLZ,LANDID,BEZEICHNUNG) values ('3730','43','Eggenburg');
Insert into ORT (PLZ,LANDID,BEZEICHNUNG) values ('2051','43','Zellerndorf');


--------------------------------------------------------
--  INSERTING into table GEHALTSSTUFE
--------------------------------------------------------
Insert into GEHALTSSTUFE (GEHALTSSTUFEID,MONATSGEHALT) values ('10','1423.75');
Insert into GEHALTSSTUFE (GEHALTSSTUFEID,MONATSGEHALT) values ('11','1523.87');
Insert into GEHALTSSTUFE (GEHALTSSTUFEID,MONATSGEHALT) values ('12','1623.23');
Insert into GEHALTSSTUFE (GEHALTSSTUFEID,MONATSGEHALT) values ('13','1792.1');
Insert into GEHALTSSTUFE (GEHALTSSTUFEID,MONATSGEHALT) values ('14','1899.51');
Insert into GEHALTSSTUFE (GEHALTSSTUFEID,MONATSGEHALT) values ('15','1973.92');
Insert into GEHALTSSTUFE (GEHALTSSTUFEID,MONATSGEHALT) values ('16','2000');
Insert into GEHALTSSTUFE (GEHALTSSTUFEID,MONATSGEHALT) values ('17','2200');
Insert into GEHALTSSTUFE (GEHALTSSTUFEID,MONATSGEHALT) values ('18','2460.05');
Insert into GEHALTSSTUFE (GEHALTSSTUFEID,MONATSGEHALT) values ('19','2721.21');
Insert into GEHALTSSTUFE (GEHALTSSTUFEID,MONATSGEHALT) values ('20','2945.88');
Insert into GEHALTSSTUFE (GEHALTSSTUFEID,MONATSGEHALT) values ('21','3023.91');
Insert into GEHALTSSTUFE (GEHALTSSTUFEID,MONATSGEHALT) values ('22','3345.11');
Insert into GEHALTSSTUFE (GEHALTSSTUFEID,MONATSGEHALT) values ('23','3721.71');
Insert into GEHALTSSTUFE (GEHALTSSTUFEID,MONATSGEHALT) values ('24','3912.97');


--------------------------------------------------------
--  INSERTING into table REISEPASS
--------------------------------------------------------
Insert into REISEPASS (REISEPASSID,PERSONID,LANDID,REISEPASSNR) values ('100','1','43','2019283658');
Insert into REISEPASS (REISEPASSID,PERSONID,LANDID,REISEPASSNR) values ('102','2','43','2019253650');
Insert into REISEPASS (REISEPASSID,PERSONID,LANDID,REISEPASSNR) values ('107','13','43','2019223650');
Insert into REISEPASS (REISEPASSID,PERSONID,LANDID,REISEPASSNR) values ('108','15','43','2015223652');
Insert into REISEPASS (REISEPASSID,PERSONID,LANDID,REISEPASSNR) values ('114','10','43','2015223650');
Insert into REISEPASS (REISEPASSID,PERSONID,LANDID,REISEPASSNR) values ('117','17','43','2012223650');
Insert into REISEPASS (REISEPASSID,PERSONID,LANDID,REISEPASSNR) values ('1120','64','49','2019299999');
Insert into REISEPASS (REISEPASSID,PERSONID,LANDID,REISEPASSNR) values ('1121','65','49','2019299998');
Insert into REISEPASS (REISEPASSID,PERSONID,LANDID,REISEPASSNR) values ('1122','66','49','2019299997');
Insert into REISEPASS (REISEPASSID,PERSONID,LANDID,REISEPASSNR) values ('1123','67','49','2019299996');
Insert into REISEPASS (REISEPASSID,PERSONID,LANDID,REISEPASSNR) values ('1124','68','49','2019299995');
Insert into REISEPASS (REISEPASSID,PERSONID,LANDID,REISEPASSNR) values ('1125','69','49','2019299994');
Insert into REISEPASS (REISEPASSID,PERSONID,LANDID,REISEPASSNR) values ('1126','70','49','2019299993');
Insert into REISEPASS (REISEPASSID,PERSONID,LANDID,REISEPASSNR) values ('1127','71','49','2019299992');
Insert into REISEPASS (REISEPASSID,PERSONID,LANDID,REISEPASSNR) values ('1128','72','49','2019299991');
Insert into REISEPASS (REISEPASSID,PERSONID,LANDID,REISEPASSNR) values ('1129','73','49','2019299990');
Insert into REISEPASS (REISEPASSID,PERSONID,LANDID,REISEPASSNR) values ('1130','74','49','2019299989');
Insert into REISEPASS (REISEPASSID,PERSONID,LANDID,REISEPASSNR) values ('1131','75','49','2019299988');
Insert into REISEPASS (REISEPASSID,PERSONID,LANDID,REISEPASSNR) values ('1132','76','49','2019299987');
Insert into REISEPASS (REISEPASSID,PERSONID,LANDID,REISEPASSNR) values ('1133','77','49','2019299986');
Insert into REISEPASS (REISEPASSID,PERSONID,LANDID,REISEPASSNR) values ('1134','78','49','2019299985');
Insert into REISEPASS (REISEPASSID,PERSONID,LANDID,REISEPASSNR) values ('1135','79','43','2019299984');
Insert into REISEPASS (REISEPASSID,PERSONID,LANDID,REISEPASSNR) values ('1136','80','43','2019299983');
Insert into REISEPASS (REISEPASSID,PERSONID,LANDID,REISEPASSNR) values ('1137','81','43','2019299982');
Insert into REISEPASS (REISEPASSID,PERSONID,LANDID,REISEPASSNR) values ('1138','82','43','2019299981');
Insert into REISEPASS (REISEPASSID,PERSONID,LANDID,REISEPASSNR) values ('1139','83','43','2019299980');
Insert into REISEPASS (REISEPASSID,PERSONID,LANDID,REISEPASSNR) values ('1140','84','43','2019299979');
Insert into REISEPASS (REISEPASSID,PERSONID,LANDID,REISEPASSNR) values ('1141','85','43','2019299978');
Insert into REISEPASS (REISEPASSID,PERSONID,LANDID,REISEPASSNR) values ('1142','86','43','2019299977');
Insert into REISEPASS (REISEPASSID,PERSONID,LANDID,REISEPASSNR) values ('1143','87','43','2019299976');
Insert into REISEPASS (REISEPASSID,PERSONID,LANDID,REISEPASSNR) values ('1144','88','43','2019299975');
Insert into REISEPASS (REISEPASSID,PERSONID,LANDID,REISEPASSNR) values ('1145','89','43','2019299974');
Insert into REISEPASS (REISEPASSID,PERSONID,LANDID,REISEPASSNR) values ('1146','90','43','2019299973');
Insert into REISEPASS (REISEPASSID,PERSONID,LANDID,REISEPASSNR) values ('1147','91','43','2019299972');
Insert into REISEPASS (REISEPASSID,PERSONID,LANDID,REISEPASSNR) values ('1148','92','43','2019299971');
Insert into REISEPASS (REISEPASSID,PERSONID,LANDID,REISEPASSNR) values ('1149','93','43','2019299970');
Insert into REISEPASS (REISEPASSID,PERSONID,LANDID,REISEPASSNR) values ('1150','94','43','2019283659');
Insert into REISEPASS (REISEPASSID,PERSONID,LANDID,REISEPASSNR) values ('1151','95','43','2019283665');
Insert into REISEPASS (REISEPASSID,PERSONID,LANDID,REISEPASSNR) values ('1152','96','43','2019283666');
Insert into REISEPASS (REISEPASSID,PERSONID,LANDID,REISEPASSNR) values ('1153','97','43','2019283667');
Insert into REISEPASS (REISEPASSID,PERSONID,LANDID,REISEPASSNR) values ('1154','98','43','2019283668');
Insert into REISEPASS (REISEPASSID,PERSONID,LANDID,REISEPASSNR) values ('1155','99','43','2019283669');
Insert into REISEPASS (REISEPASSID,PERSONID,LANDID,REISEPASSNR) values ('1156','100','43','2019283670');
Insert into REISEPASS (REISEPASSID,PERSONID,LANDID,REISEPASSNR) values ('1157','101','43','2019283671');
Insert into REISEPASS (REISEPASSID,PERSONID,LANDID,REISEPASSNR) values ('1158','102','43','2019283672');
Insert into REISEPASS (REISEPASSID,PERSONID,LANDID,REISEPASSNR) values ('1159','103','43','2019283673');
Insert into REISEPASS (REISEPASSID,PERSONID,LANDID,REISEPASSNR) values ('1160','104','49','2019283674');
Insert into REISEPASS (REISEPASSID,PERSONID,LANDID,REISEPASSNR) values ('1161','105','49','2019283675');
Insert into REISEPASS (REISEPASSID,PERSONID,LANDID,REISEPASSNR) values ('1162','106','49','2019283676');
Insert into REISEPASS (REISEPASSID,PERSONID,LANDID,REISEPASSNR) values ('1163','107','49','2019283677');
Insert into REISEPASS (REISEPASSID,PERSONID,LANDID,REISEPASSNR) values ('1164','108','49','2019283678');
Insert into REISEPASS (REISEPASSID,PERSONID,LANDID,REISEPASSNR) values ('1165','109','49','2019283679');
Insert into REISEPASS (REISEPASSID,PERSONID,LANDID,REISEPASSNR) values ('1166','110','49','2019283680');
Insert into REISEPASS (REISEPASSID,PERSONID,LANDID,REISEPASSNR) values ('1167','111','49','2019283681');
Insert into REISEPASS (REISEPASSID,PERSONID,LANDID,REISEPASSNR) values ('1168','112','49','2019283682');
Insert into REISEPASS (REISEPASSID,PERSONID,LANDID,REISEPASSNR) values ('1169','113','49','2019283683');
Insert into REISEPASS (REISEPASSID,PERSONID,LANDID,REISEPASSNR) values ('1170','114','49','2019283684');
Insert into REISEPASS (REISEPASSID,PERSONID,LANDID,REISEPASSNR) values ('1171','115','41','2019283685');
Insert into REISEPASS (REISEPASSID,PERSONID,LANDID,REISEPASSNR) values ('1172','116','41','2019283686');
Insert into REISEPASS (REISEPASSID,PERSONID,LANDID,REISEPASSNR) values ('1173','117','41','2019283687');
Insert into REISEPASS (REISEPASSID,PERSONID,LANDID,REISEPASSNR) values ('1174','118','41','2019283688');
Insert into REISEPASS (REISEPASSID,PERSONID,LANDID,REISEPASSNR) values ('1175','119','41','2019283689');
Insert into REISEPASS (REISEPASSID,PERSONID,LANDID,REISEPASSNR) values ('1176','120','41','2019283690');
Insert into REISEPASS (REISEPASSID,PERSONID,LANDID,REISEPASSNR) values ('1177','121','41','2019283691');
Insert into REISEPASS (REISEPASSID,PERSONID,LANDID,REISEPASSNR) values ('1178','122','41','2019283692');
Insert into REISEPASS (REISEPASSID,PERSONID,LANDID,REISEPASSNR) values ('1179','123','41','2019283693');
Insert into REISEPASS (REISEPASSID,PERSONID,LANDID,REISEPASSNR) values ('1180','124','41','2019283694');
Insert into REISEPASS (REISEPASSID,PERSONID,LANDID,REISEPASSNR) values ('1181','125','371','8415842561');
Insert into REISEPASS (REISEPASSID,PERSONID,LANDID,REISEPASSNR) values ('1182','126','371','8415842562');
Insert into REISEPASS (REISEPASSID,PERSONID,LANDID,REISEPASSNR) values ('1183','127','371','8415842563');
Insert into REISEPASS (REISEPASSID,PERSONID,LANDID,REISEPASSNR) values ('1184','128','371','8415842564');
Insert into REISEPASS (REISEPASSID,PERSONID,LANDID,REISEPASSNR) values ('1185','129','371','8415842565');
Insert into REISEPASS (REISEPASSID,PERSONID,LANDID,REISEPASSNR) values ('1186','130','371','8415842566');
Insert into REISEPASS (REISEPASSID,PERSONID,LANDID,REISEPASSNR) values ('1187','131','371','8415842567');
Insert into REISEPASS (REISEPASSID,PERSONID,LANDID,REISEPASSNR) values ('1188','132','371','8415842568');
Insert into REISEPASS (REISEPASSID,PERSONID,LANDID,REISEPASSNR) values ('1189','133','371','8415842569');
Insert into REISEPASS (REISEPASSID,PERSONID,LANDID,REISEPASSNR) values ('1190','134','371','8415842570');
Insert into REISEPASS (REISEPASSID,PERSONID,LANDID,REISEPASSNR) values ('1191','135','371','8415842571');
Insert into REISEPASS (REISEPASSID,PERSONID,LANDID,REISEPASSNR) values ('1192','136','371','8415842572');
Insert into REISEPASS (REISEPASSID,PERSONID,LANDID,REISEPASSNR) values ('1193','137','371','8415842573');
Insert into REISEPASS (REISEPASSID,PERSONID,LANDID,REISEPASSNR) values ('1194','138','371','8415842574');
Insert into REISEPASS (REISEPASSID,PERSONID,LANDID,REISEPASSNR) values ('1195','139','371','8415842575');
Insert into REISEPASS (REISEPASSID,PERSONID,LANDID,REISEPASSNR) values ('1196','140','370','8415842576');
Insert into REISEPASS (REISEPASSID,PERSONID,LANDID,REISEPASSNR) values ('1197','141','370','8415842577');
Insert into REISEPASS (REISEPASSID,PERSONID,LANDID,REISEPASSNR) values ('1198','142','370','8415842578');
Insert into REISEPASS (REISEPASSID,PERSONID,LANDID,REISEPASSNR) values ('1199','143','370','8415842579');
Insert into REISEPASS (REISEPASSID,PERSONID,LANDID,REISEPASSNR) values ('1200','144','370','8415842580');
Insert into REISEPASS (REISEPASSID,PERSONID,LANDID,REISEPASSNR) values ('1201','145','370','8415842581');
Insert into REISEPASS (REISEPASSID,PERSONID,LANDID,REISEPASSNR) values ('1202','146','370','8415842582');
Insert into REISEPASS (REISEPASSID,PERSONID,LANDID,REISEPASSNR) values ('1203','147','370','8415842583');
Insert into REISEPASS (REISEPASSID,PERSONID,LANDID,REISEPASSNR) values ('1204','148','370','8415842584');
Insert into REISEPASS (REISEPASSID,PERSONID,LANDID,REISEPASSNR) values ('1205','149','370','8415842585');
Insert into REISEPASS (REISEPASSID,PERSONID,LANDID,REISEPASSNR) values ('1206','150','370','8415842586');
Insert into REISEPASS (REISEPASSID,PERSONID,LANDID,REISEPASSNR) values ('1207','151','370','8415842587');
Insert into REISEPASS (REISEPASSID,PERSONID,LANDID,REISEPASSNR) values ('1208','152','370','8415842588');
Insert into REISEPASS (REISEPASSID,PERSONID,LANDID,REISEPASSNR) values ('1209','153','370','8415842589');
Insert into REISEPASS (REISEPASSID,PERSONID,LANDID,REISEPASSNR) values ('1210','154','370','8415842590');
Insert into REISEPASS (REISEPASSID,PERSONID,LANDID,REISEPASSNR) values ('1218','174','43','9000000001');
Insert into REISEPASS (REISEPASSID,PERSONID,LANDID,REISEPASSNR) values ('1219','175','43','9000000002');
Insert into REISEPASS (REISEPASSID,PERSONID,LANDID,REISEPASSNR) values ('1220','176','43','9000000003');
Insert into REISEPASS (REISEPASSID,PERSONID,LANDID,REISEPASSNR) values ('1221','177','43','9000000004');
Insert into REISEPASS (REISEPASSID,PERSONID,LANDID,REISEPASSNR) values ('1222','178','43','9000000005');
Insert into REISEPASS (REISEPASSID,PERSONID,LANDID,REISEPASSNR) values ('1223','179','43','9000000006');
Insert into REISEPASS (REISEPASSID,PERSONID,LANDID,REISEPASSNR) values ('1224','180','43','9000000007');
Insert into REISEPASS (REISEPASSID,PERSONID,LANDID,REISEPASSNR) values ('1225','181','43','9000000008');
Insert into REISEPASS (REISEPASSID,PERSONID,LANDID,REISEPASSNR) values ('1226','182','43','9000000009');
Insert into REISEPASS (REISEPASSID,PERSONID,LANDID,REISEPASSNR) values ('1227','183','43','9000000010');
Insert into REISEPASS (REISEPASSID,PERSONID,LANDID,REISEPASSNR) values ('1228','184','43','9000000011');
Insert into REISEPASS (REISEPASSID,PERSONID,LANDID,REISEPASSNR) values ('1229','185','43','9000000012');
Insert into REISEPASS (REISEPASSID,PERSONID,LANDID,REISEPASSNR) values ('1230','186','43','9000000013');
Insert into REISEPASS (REISEPASSID,PERSONID,LANDID,REISEPASSNR) values ('1231','187','43','9000000014');
Insert into REISEPASS (REISEPASSID,PERSONID,LANDID,REISEPASSNR) values ('1232','188','43','9000000015');
Insert into REISEPASS (REISEPASSID,PERSONID,LANDID,REISEPASSNR) values ('1233','189','43','9000000016');
Insert into REISEPASS (REISEPASSID,PERSONID,LANDID,REISEPASSNR) values ('1234','190','43','9000000017');
Insert into REISEPASS (REISEPASSID,PERSONID,LANDID,REISEPASSNR) values ('1235','191','43','9000000018');
Insert into REISEPASS (REISEPASSID,PERSONID,LANDID,REISEPASSNR) values ('1236','192','43','9000000019');
Insert into REISEPASS (REISEPASSID,PERSONID,LANDID,REISEPASSNR) values ('1237','193','43','9000000020');
Insert into REISEPASS (REISEPASSID,PERSONID,LANDID,REISEPASSNR) values ('1238','194','43','9000000021');
Insert into REISEPASS (REISEPASSID,PERSONID,LANDID,REISEPASSNR) values ('1239','195','43','9000000022');
Insert into REISEPASS (REISEPASSID,PERSONID,LANDID,REISEPASSNR) values ('1240','196','36','9000000023');
Insert into REISEPASS (REISEPASSID,PERSONID,LANDID,REISEPASSNR) values ('1241','197','43','9000000024');
Insert into REISEPASS (REISEPASSID,PERSONID,LANDID,REISEPASSNR) values ('1242','198','36','9000000025');
Insert into REISEPASS (REISEPASSID,PERSONID,LANDID,REISEPASSNR) values ('2000','5','43','3019293393');
Insert into REISEPASS (REISEPASSID,PERSONID,LANDID,REISEPASSNR) values ('106','6','49','2019253650');
Insert into REISEPASS (REISEPASSID,PERSONID,LANDID,REISEPASSNR) values ('2001','5','33','458745221554');
Insert into REISEPASS (REISEPASSID,PERSONID,LANDID,REISEPASSNR) values ('6582','12','4175','54841544');
Insert into REISEPASS (REISEPASSID,PERSONID,LANDID,REISEPASSNR) values ('6142','19','33','45781588');
Insert into REISEPASS (REISEPASSID,PERSONID,LANDID,REISEPASSNR) values ('165','200','43','451111245');


--------------------------------------------------------
--  INSERTING into table PERSONAL
--------------------------------------------------------
Insert into PERSONAL (PERSONID,PLZ,GEHALTSSTUFEID,SOZVERSNR,ADRESSE,PERSONALNUMMER) values ('14','1030','12','3456','Landstraßer Hauptstraße 28','231');
Insert into PERSONAL (PERSONID,PLZ,GEHALTSSTUFEID,SOZVERSNR,ADRESSE,PERSONALNUMMER) values ('4','1020','18','4875','Taborstr 22, Stg 2','54');
Insert into PERSONAL (PERSONID,PLZ,GEHALTSSTUFEID,SOZVERSNR,ADRESSE,PERSONALNUMMER) values ('1','1210','21','1425','Jedlersdorfer Str 98','23');
Insert into PERSONAL (PERSONID,PLZ,GEHALTSSTUFEID,SOZVERSNR,ADRESSE,PERSONALNUMMER) values ('2','1130','23','9052','Costenobleg 2 Stg 7 ','44');
Insert into PERSONAL (PERSONID,PLZ,GEHALTSSTUFEID,SOZVERSNR,ADRESSE,PERSONALNUMMER) values ('3','1100','24','4875','Stöhrg 9','10');
Insert into PERSONAL (PERSONID,PLZ,GEHALTSSTUFEID,SOZVERSNR,ADRESSE,PERSONALNUMMER) values ('13','1020','10','758 ','Darwing 21 ','100');
Insert into PERSONAL (PERSONID,PLZ,GEHALTSSTUFEID,SOZVERSNR,ADRESSE,PERSONALNUMMER) values ('24','1200','13','1758','Kunzg 6-8, Stg 1','60');
Insert into PERSONAL (PERSONID,PLZ,GEHALTSSTUFEID,SOZVERSNR,ADRESSE,PERSONALNUMMER) values ('27','1010','19','2345','Am Graben 5','2024');
Insert into PERSONAL (PERSONID,PLZ,GEHALTSSTUFEID,SOZVERSNR,ADRESSE,PERSONALNUMMER) values ('93','2100','16','1001','Adresse 1','1001');
Insert into PERSONAL (PERSONID,PLZ,GEHALTSSTUFEID,SOZVERSNR,ADRESSE,PERSONALNUMMER) values ('92','2000','16','1002','Adresse 2','1002');
Insert into PERSONAL (PERSONID,PLZ,GEHALTSSTUFEID,SOZVERSNR,ADRESSE,PERSONALNUMMER) values ('91','2003','16','1003','Adresse 3','1003');
Insert into PERSONAL (PERSONID,PLZ,GEHALTSSTUFEID,SOZVERSNR,ADRESSE,PERSONALNUMMER) values ('90','2020','16','1004','Adresse 4','1004');
Insert into PERSONAL (PERSONID,PLZ,GEHALTSSTUFEID,SOZVERSNR,ADRESSE,PERSONALNUMMER) values ('89','2011','16','1005','Adresse 5','1005');
Insert into PERSONAL (PERSONID,PLZ,GEHALTSSTUFEID,SOZVERSNR,ADRESSE,PERSONALNUMMER) values ('88','2102','16','1006','Adresse 6','1006');
Insert into PERSONAL (PERSONID,PLZ,GEHALTSSTUFEID,SOZVERSNR,ADRESSE,PERSONALNUMMER) values ('87','2104','16','1007','Adresse 7','1007');
Insert into PERSONAL (PERSONID,PLZ,GEHALTSSTUFEID,SOZVERSNR,ADRESSE,PERSONALNUMMER) values ('86','2130','16','1008','Adresse 8','1008');
Insert into PERSONAL (PERSONID,PLZ,GEHALTSSTUFEID,SOZVERSNR,ADRESSE,PERSONALNUMMER) values ('85','2136','16','1009','Adresse 9','1009');
Insert into PERSONAL (PERSONID,PLZ,GEHALTSSTUFEID,SOZVERSNR,ADRESSE,PERSONALNUMMER) values ('84','2230','16','1010','Adresse 10','1010');
Insert into PERSONAL (PERSONID,PLZ,GEHALTSSTUFEID,SOZVERSNR,ADRESSE,PERSONALNUMMER) values ('123','2413','17','9912','Hauptstr 13','652435');
Insert into PERSONAL (PERSONID,PLZ,GEHALTSSTUFEID,SOZVERSNR,ADRESSE,PERSONALNUMMER) values ('115','10225','19','6274','Duerrwienstr 38','546334126');
Insert into PERSONAL (PERSONID,PLZ,GEHALTSSTUFEID,SOZVERSNR,ADRESSE,PERSONALNUMMER) values ('116','2460','17','4599','Weidlingau 230','546334127');
Insert into PERSONAL (PERSONID,PLZ,GEHALTSSTUFEID,SOZVERSNR,ADRESSE,PERSONALNUMMER) values ('117','7301','16','4598','Oberpullendorf 2','546334128');
Insert into PERSONAL (PERSONID,PLZ,GEHALTSSTUFEID,SOZVERSNR,ADRESSE,PERSONALNUMMER) values ('121','3000','15','2412','Matrestr 44','546334131');
Insert into PERSONAL (PERSONID,PLZ,GEHALTSSTUFEID,SOZVERSNR,ADRESSE,PERSONALNUMMER) values ('124','3004','16','1197','Switzerland 69','546334132');
Insert into PERSONAL (PERSONID,PLZ,GEHALTSSTUFEID,SOZVERSNR,ADRESSE,PERSONALNUMMER) values ('114','3013','23','1457','Bern 99','546334133');
Insert into PERSONAL (PERSONID,PLZ,GEHALTSSTUFEID,SOZVERSNR,ADRESSE,PERSONALNUMMER) values ('150','1134','23','2445','Pracherg 4','65128');
Insert into PERSONAL (PERSONID,PLZ,GEHALTSSTUFEID,SOZVERSNR,ADRESSE,PERSONALNUMMER) values ('151','1134','24','2446','Pracherg 4','65129');
Insert into PERSONAL (PERSONID,PLZ,GEHALTSSTUFEID,SOZVERSNR,ADRESSE,PERSONALNUMMER) values ('152','1134','15','2447','Lenaustr 15','65130');
Insert into PERSONAL (PERSONID,PLZ,GEHALTSSTUFEID,SOZVERSNR,ADRESSE,PERSONALNUMMER) values ('153','1134','15','2448','Badg 5','65131');
Insert into PERSONAL (PERSONID,PLZ,GEHALTSSTUFEID,SOZVERSNR,ADRESSE,PERSONALNUMMER) values ('154','1134','15','2449','Spitalg 4','65132');
Insert into PERSONAL (PERSONID,PLZ,GEHALTSSTUFEID,SOZVERSNR,ADRESSE,PERSONALNUMMER) values ('174','2880','13','2680','Baumthal 34','9001');
Insert into PERSONAL (PERSONID,PLZ,GEHALTSSTUFEID,SOZVERSNR,ADRESSE,PERSONALNUMMER) values ('179','2722','18','3334','Römerweg 300','9002');
Insert into PERSONAL (PERSONID,PLZ,GEHALTSSTUFEID,SOZVERSNR,ADRESSE,PERSONALNUMMER) values ('184','2880','17','4540','Tratten 19','9003');
Insert into PERSONAL (PERSONID,PLZ,GEHALTSSTUFEID,SOZVERSNR,ADRESSE,PERSONALNUMMER) values ('186','2632','15','5982','Hauptstrasse 85','9004');
Insert into PERSONAL (PERSONID,PLZ,GEHALTSSTUFEID,SOZVERSNR,ADRESSE,PERSONALNUMMER) values ('303','1220','24','1111','Langenloiserstraße 7','5783491286');
Insert into PERSONAL (PERSONID,PLZ,GEHALTSSTUFEID,SOZVERSNR,ADRESSE,PERSONALNUMMER) values ('305','1230','22','3333','Palmaygasse 5','5823061192');
Insert into PERSONAL (PERSONID,PLZ,GEHALTSSTUFEID,SOZVERSNR,ADRESSE,PERSONALNUMMER) values ('307','1220','18','5555','Ufergasse 16','10494');


--------------------------------------------------------
--  INSERTING into table DIENSTRANG
--------------------------------------------------------
Insert into DIENSTRANG (DIENSTRANGID,KBZ,BEZEICHNUNG) values ('100','Cp','Chefpilot');
Insert into DIENSTRANG (DIENSTRANGID,KBZ,BEZEICHNUNG) values ('110','Co','Co-Pilot');
Insert into DIENSTRANG (DIENSTRANGID,KBZ,BEZEICHNUNG) values ('105','Pl','Pilot');
Insert into DIENSTRANG (DIENSTRANGID,KBZ,BEZEICHNUNG) values ('210','Bp','Bordpersonal');
Insert into DIENSTRANG (DIENSTRANGID,KBZ,BEZEICHNUNG) values ('501','Tr','Trainee');


--------------------------------------------------------
--  INSERTING into table FLUGPERSONAL
--------------------------------------------------------
Insert into FLUGPERSONAL (PERSONID,DIENSTRANGID) values ('2','110');
Insert into FLUGPERSONAL (PERSONID,DIENSTRANGID) values ('3','105');
Insert into FLUGPERSONAL (PERSONID,DIENSTRANGID) values ('27','210');
Insert into FLUGPERSONAL (PERSONID,DIENSTRANGID) values ('4','210');
Insert into FLUGPERSONAL (PERSONID,DIENSTRANGID) values ('93','100');
Insert into FLUGPERSONAL (PERSONID,DIENSTRANGID) values ('92','110');
Insert into FLUGPERSONAL (PERSONID,DIENSTRANGID) values ('91','105');
Insert into FLUGPERSONAL (PERSONID,DIENSTRANGID) values ('90','210');
Insert into FLUGPERSONAL (PERSONID,DIENSTRANGID) values ('89','501');
Insert into FLUGPERSONAL (PERSONID,DIENSTRANGID) values ('88','100');
Insert into FLUGPERSONAL (PERSONID,DIENSTRANGID) values ('87','110');
Insert into FLUGPERSONAL (PERSONID,DIENSTRANGID) values ('86','105');
Insert into FLUGPERSONAL (PERSONID,DIENSTRANGID) values ('85','210');
Insert into FLUGPERSONAL (PERSONID,DIENSTRANGID) values ('84','501');
Insert into FLUGPERSONAL (PERSONID,DIENSTRANGID) values ('121','105');
Insert into FLUGPERSONAL (PERSONID,DIENSTRANGID) values ('115','105');
Insert into FLUGPERSONAL (PERSONID,DIENSTRANGID) values ('116','501');
Insert into FLUGPERSONAL (PERSONID,DIENSTRANGID) values ('124','210');
Insert into FLUGPERSONAL (PERSONID,DIENSTRANGID) values ('117','210');
Insert into FLUGPERSONAL (PERSONID,DIENSTRANGID) values ('114','100');
Insert into FLUGPERSONAL (PERSONID,DIENSTRANGID) values ('123','110');
Insert into FLUGPERSONAL (PERSONID,DIENSTRANGID) values ('150','100');
Insert into FLUGPERSONAL (PERSONID,DIENSTRANGID) values ('151','105');
Insert into FLUGPERSONAL (PERSONID,DIENSTRANGID) values ('152','210');
Insert into FLUGPERSONAL (PERSONID,DIENSTRANGID) values ('153','210');
Insert into FLUGPERSONAL (PERSONID,DIENSTRANGID) values ('154','210');
Insert into FLUGPERSONAL (PERSONID,DIENSTRANGID) values ('174','100');
Insert into FLUGPERSONAL (PERSONID,DIENSTRANGID) values ('179','110');
Insert into FLUGPERSONAL (PERSONID,DIENSTRANGID) values ('184','105');
Insert into FLUGPERSONAL (PERSONID,DIENSTRANGID) values ('186','210');
Insert into FLUGPERSONAL (PERSONID,DIENSTRANGID) values ('303','105');
Insert into FLUGPERSONAL (PERSONID,DIENSTRANGID) values ('307','210');


--------------------------------------------------------
--  INSERTING into table ABTEILUNG
--------------------------------------------------------
Insert into ABTEILUNG (ABTEILUNGSID,KBZ,BEZEICHNUNG) values ('101','Dir','Flughafendirektion');
Insert into ABTEILUNG (ABTEILUNGSID,KBZ,BEZEICHNUNG) values ('121','To','Tower');
Insert into ABTEILUNG (ABTEILUNGSID,KBZ,BEZEICHNUNG) values ('141','Si','Flughafensicherheit');
Insert into ABTEILUNG (ABTEILUNGSID,KBZ,BEZEICHNUNG) values ('161','Gp','Gepäckdienst');


--------------------------------------------------------
--  INSERTING into table BODENPERSONAL
--------------------------------------------------------
Insert into BODENPERSONAL (PERSONID,ABTEILUNGSID) values ('1','101');
Insert into BODENPERSONAL (PERSONID,ABTEILUNGSID) values ('13','121');
Insert into BODENPERSONAL (PERSONID,ABTEILUNGSID) values ('14','161');
Insert into BODENPERSONAL (PERSONID,ABTEILUNGSID) values ('24','161');


--------------------------------------------------------
--  INSERTING into table FLUGLINIE
--------------------------------------------------------
Insert into FLUGLINIE (FLUGLINIEID,KBZ,BEZEICHNUNG,ADRESSE) values ('10','AUA','Austrian Airlines','Office Park 2, P.O. Box 100');
Insert into FLUGLINIE (FLUGLINIEID,KBZ,BEZEICHNUNG,ADRESSE) values ('15','LH','Lufthansa','Mariahilfer Str 123');
Insert into FLUGLINIE (FLUGLINIEID,KBZ,BEZEICHNUNG,ADRESSE) values ('119','HG','FlyNiki','Office Park 1, Top B03');
Insert into FLUGLINIE (FLUGLINIEID,KBZ,BEZEICHNUNG,ADRESSE) values ('120','LA','Lauda Air','Landstrasse Haupstrasse 45-90');
Insert into FLUGLINIE (FLUGLINIEID,KBZ,BEZEICHNUNG,ADRESSE) values ('121','AAW','Austrian Arrow','Kärntnerstrasse 33-38');
Insert into FLUGLINIE (FLUGLINIEID,KBZ,BEZEICHNUNG,ADRESSE) values ('122','AF','Air France','45, rue de Paris, 95 747 Roissy CDG Cedex');
Insert into FLUGLINIE (FLUGLINIEID,KBZ,BEZEICHNUNG,ADRESSE) values ('136','SKY','Sky Europe','Ivanská cesta 26, P.O.Box 24, 820 01 Bratislava 21, Slovakia');
Insert into FLUGLINIE (FLUGLINIEID,KBZ,BEZEICHNUNG,ADRESSE) values ('145','AC','Air Canada','7373 Cote Vertu West, St. Laurent, Quebec');
Insert into FLUGLINIE (FLUGLINIEID,KBZ,BEZEICHNUNG,ADRESSE) values ('300','AB','Air Berlin','Berlin');


--------------------------------------------------------
--  INSERTING into table FLUGZEUGTYP
--------------------------------------------------------
Insert into FLUGZEUGTYP (FLUGZEUGTYPID,BEZEICHNUNG,FLUGSTUNDEN_PRO_WARTUNG,FLUGSTRECKE_MAXIMAL,LADEGEWICHT_MAXIMAL,VERBRAUCH,SITZPLAETZE) values ('50','Boeing 747-300','650','12400','68700','14400','450');
Insert into FLUGZEUGTYP (FLUGZEUGTYPID,BEZEICHNUNG,FLUGSTUNDEN_PRO_WARTUNG,FLUGSTRECKE_MAXIMAL,LADEGEWICHT_MAXIMAL,VERBRAUCH,SITZPLAETZE) values ('154','A320-200','670','5700','77000','27000','150');
Insert into FLUGZEUGTYP (FLUGZEUGTYPID,BEZEICHNUNG,FLUGSTUNDEN_PRO_WARTUNG,FLUGSTRECKE_MAXIMAL,LADEGEWICHT_MAXIMAL,VERBRAUCH,SITZPLAETZE) values ('161','Airbus A 319','500','13000','70000','16500','129');
Insert into FLUGZEUGTYP (FLUGZEUGTYPID,BEZEICHNUNG,FLUGSTUNDEN_PRO_WARTUNG,FLUGSTRECKE_MAXIMAL,LADEGEWICHT_MAXIMAL,VERBRAUCH,SITZPLAETZE) values ('162','Fokker 100','820','10500','55200','12300','122');
Insert into FLUGZEUGTYP (FLUGZEUGTYPID,BEZEICHNUNG,FLUGSTUNDEN_PRO_WARTUNG,FLUGSTRECKE_MAXIMAL,LADEGEWICHT_MAXIMAL,VERBRAUCH,SITZPLAETZE) values ('155','Sud Aviation Caravelle 6','700','2650','25000','9000','10');
Insert into FLUGZEUGTYP (FLUGZEUGTYPID,BEZEICHNUNG,FLUGSTUNDEN_PRO_WARTUNG,FLUGSTRECKE_MAXIMAL,LADEGEWICHT_MAXIMAL,VERBRAUCH,SITZPLAETZE) values ('171','Boeing 737-700','500','6100','69400','2420','150');


--------------------------------------------------------
--  INSERTING into table FLUGZEUG
--------------------------------------------------------
Insert into FLUGZEUG (FLUGZEUGID,FLUGLINIEID,FLUGZEUGTYPID,ERSTEINSATZ,FLUGSTUNDEN_GESAMT,FLUGSTUNDEN_LETZTE_WARTUNG) values ('12','10','50',to_date('15.02.1999','DD.MM.YYYY'),'17520','17300');
Insert into FLUGZEUG (FLUGZEUGID,FLUGLINIEID,FLUGZEUGTYPID,ERSTEINSATZ,FLUGSTUNDEN_GESAMT,FLUGSTUNDEN_LETZTE_WARTUNG) values ('18','15','50',to_date('24.07.2001','DD.MM.YYYY'),'15427','15420');
Insert into FLUGZEUG (FLUGZEUGID,FLUGLINIEID,FLUGZEUGTYPID,ERSTEINSATZ,FLUGSTUNDEN_GESAMT,FLUGSTUNDEN_LETZTE_WARTUNG) values ('156','119','154',to_date('30.06.1998','DD.MM.YYYY'),'18223','17800');
Insert into FLUGZEUG (FLUGZEUGID,FLUGLINIEID,FLUGZEUGTYPID,ERSTEINSATZ,FLUGSTUNDEN_GESAMT,FLUGSTUNDEN_LETZTE_WARTUNG) values ('157','119','154',to_date('15.03.1999','DD.MM.YYYY'),'13289','13280');
Insert into FLUGZEUG (FLUGZEUGID,FLUGLINIEID,FLUGZEUGTYPID,ERSTEINSATZ,FLUGSTUNDEN_GESAMT,FLUGSTUNDEN_LETZTE_WARTUNG) values ('168','120','161',to_date('29.03.2003','DD.MM.YYYY'),'13211','13000');
Insert into FLUGZEUG (FLUGZEUGID,FLUGLINIEID,FLUGZEUGTYPID,ERSTEINSATZ,FLUGSTUNDEN_GESAMT,FLUGSTUNDEN_LETZTE_WARTUNG) values ('169','121','162',to_date('01.05.2004','DD.MM.YYYY'),'9999','9159');
Insert into FLUGZEUG (FLUGZEUGID,FLUGLINIEID,FLUGZEUGTYPID,ERSTEINSATZ,FLUGSTUNDEN_GESAMT,FLUGSTUNDEN_LETZTE_WARTUNG) values ('170','122','155',to_date('21.10.1966','DD.MM.YYYY'),'12000','12000');
Insert into FLUGZEUG (FLUGZEUGID,FLUGLINIEID,FLUGZEUGTYPID,ERSTEINSATZ,FLUGSTUNDEN_GESAMT,FLUGSTUNDEN_LETZTE_WARTUNG) values ('171','122','155',to_date('22.10.1966','DD.MM.YYYY'),'11800','11000');
Insert into FLUGZEUG (FLUGZEUGID,FLUGLINIEID,FLUGZEUGTYPID,ERSTEINSATZ,FLUGSTUNDEN_GESAMT,FLUGSTUNDEN_LETZTE_WARTUNG) values ('191','136','171',to_date('03.07.2005','DD.MM.YYYY'),'18000','17250');
Insert into FLUGZEUG (FLUGZEUGID,FLUGLINIEID,FLUGZEUGTYPID,ERSTEINSATZ,FLUGSTUNDEN_GESAMT,FLUGSTUNDEN_LETZTE_WARTUNG) values ('192','136','171',to_date('02.05.2004','DD.MM.YYYY'),'23500','23000');
Insert into FLUGZEUG (FLUGZEUGID,FLUGLINIEID,FLUGZEUGTYPID,ERSTEINSATZ,FLUGSTUNDEN_GESAMT,FLUGSTUNDEN_LETZTE_WARTUNG) values ('193','136','162',to_date('07.05.2004','DD.MM.YYYY'),'20012','20000');


--------------------------------------------------------
--  INSERTING into table FLUGHAFEN
--------------------------------------------------------
Insert into FLUGHAFEN (FLUGHAFENID,KBZ,BEZEICHNUNG,GMT_ABWEICHUNG) values ('1','VIE','Wien-Schwechat','1');
Insert into FLUGHAFEN (FLUGHAFENID,KBZ,BEZEICHNUNG,GMT_ABWEICHUNG) values ('10','JFK','JFK Airport New York','-5');
Insert into FLUGHAFEN (FLUGHAFENID,KBZ,BEZEICHNUNG,GMT_ABWEICHUNG) values ('115','MAD','Madrid Borajas','1');
Insert into FLUGHAFEN (FLUGHAFENID,KBZ,BEZEICHNUNG,GMT_ABWEICHUNG) values ('116','AMS','Amsterdam Flughafen Schipol','1');
Insert into FLUGHAFEN (FLUGHAFENID,KBZ,BEZEICHNUNG,GMT_ABWEICHUNG) values ('117','ORY','Paris Orly','1');
Insert into FLUGHAFEN (FLUGHAFENID,KBZ,BEZEICHNUNG,GMT_ABWEICHUNG) values ('118','HER','Heraklion','2');
Insert into FLUGHAFEN (FLUGHAFENID,KBZ,BEZEICHNUNG,GMT_ABWEICHUNG) values ('119','HAM','Hamburg Airport','1');
Insert into FLUGHAFEN (FLUGHAFENID,KBZ,BEZEICHNUNG,GMT_ABWEICHUNG) values ('120','PMI','Palma de Mallorca','1');
Insert into FLUGHAFEN (FLUGHAFENID,KBZ,BEZEICHNUNG,GMT_ABWEICHUNG) values ('121','BCN','Barcelona','1');
Insert into FLUGHAFEN (FLUGHAFENID,KBZ,BEZEICHNUNG,GMT_ABWEICHUNG) values ('122','FCO','Rom Fivmicino','1');
Insert into FLUGHAFEN (FLUGHAFENID,KBZ,BEZEICHNUNG,GMT_ABWEICHUNG) values ('123','TXL','Berlin Texel','1');
Insert into FLUGHAFEN (FLUGHAFENID,KBZ,BEZEICHNUNG,GMT_ABWEICHUNG) values ('125','SYD','Sydney','10');
Insert into FLUGHAFEN (FLUGHAFENID,KBZ,BEZEICHNUNG,GMT_ABWEICHUNG) values ('126','MEL','Melbourne','10');
Insert into FLUGHAFEN (FLUGHAFENID,KBZ,BEZEICHNUNG,GMT_ABWEICHUNG) values ('127','BIO','Bilbao','1');
Insert into FLUGHAFEN (FLUGHAFENID,KBZ,BEZEICHNUNG,GMT_ABWEICHUNG) values ('128','CDG','Paris Charles de Gaulle','1');
Insert into FLUGHAFEN (FLUGHAFENID,KBZ,BEZEICHNUNG,GMT_ABWEICHUNG) values ('132','ATH','Athen','1');
Insert into FLUGHAFEN (FLUGHAFENID,KBZ,BEZEICHNUNG,GMT_ABWEICHUNG) values ('134','BTS','Bratislava','0');
Insert into FLUGHAFEN (FLUGHAFENID,KBZ,BEZEICHNUNG,GMT_ABWEICHUNG) values ('135','DUB','Dublin','-1');
Insert into FLUGHAFEN (FLUGHAFENID,KBZ,BEZEICHNUNG,GMT_ABWEICHUNG) values ('136','PRG','Prag','0');
Insert into FLUGHAFEN (FLUGHAFENID,KBZ,BEZEICHNUNG,GMT_ABWEICHUNG) values ('137','MAN','Manchester','-1');
Insert into FLUGHAFEN (FLUGHAFENID,KBZ,BEZEICHNUNG,GMT_ABWEICHUNG) values ('323','ARN','Stockholm-Arlanda','-1');


--------------------------------------------------------
--  INSERTING into table GATE
--------------------------------------------------------
Insert into GATE (GATEID,FLUGHAFENID,KBZ,TERMINAL) values ('1','1','Gate 10','Terminal 1');
Insert into GATE (GATEID,FLUGHAFENID,KBZ,TERMINAL) values ('14','10','Gate 22','Terminal B2');
Insert into GATE (GATEID,FLUGHAFENID,KBZ,TERMINAL) values ('119','115','Gate 1','Terminal Madrid 1');
Insert into GATE (GATEID,FLUGHAFENID,KBZ,TERMINAL) values ('120','116','Gate 1','Terminal Amsterdam 1');
Insert into GATE (GATEID,FLUGHAFENID,KBZ,TERMINAL) values ('121','117','Gate 1','Terminal Paris 1');
Insert into GATE (GATEID,FLUGHAFENID,KBZ,TERMINAL) values ('122','118','Gate 1','Terminal Athen 1');
Insert into GATE (GATEID,FLUGHAFENID,KBZ,TERMINAL) values ('123','119','Gate 1','Terminal Hamburg 1');
Insert into GATE (GATEID,FLUGHAFENID,KBZ,TERMINAL) values ('124','120','Gate 1','Terminal Mallorca 1');
Insert into GATE (GATEID,FLUGHAFENID,KBZ,TERMINAL) values ('125','121','Gate 1','Terminal Barcelona 1');
Insert into GATE (GATEID,FLUGHAFENID,KBZ,TERMINAL) values ('126','122','Gate 1','Terminal Rom 1');
Insert into GATE (GATEID,FLUGHAFENID,KBZ,TERMINAL) values ('127','127','Gate 1','Terminal A Barcelona');
Insert into GATE (GATEID,FLUGHAFENID,KBZ,TERMINAL) values ('128','128','Gate A','Terminal 1 Paris');
Insert into GATE (GATEID,FLUGHAFENID,KBZ,TERMINAL) values ('136','132','Gate 1','Terminal A Athen');
Insert into GATE (GATEID,FLUGHAFENID,KBZ,TERMINAL) values ('141','116','Gate 1','Terminal 1 Amsterdam');
Insert into GATE (GATEID,FLUGHAFENID,KBZ,TERMINAL) values ('142','134','Gate 1','Terminal1 Bratislava');
Insert into GATE (GATEID,FLUGHAFENID,KBZ,TERMINAL) values ('143','135','Gate 1','Terminal 1 Dublin');
Insert into GATE (GATEID,FLUGHAFENID,KBZ,TERMINAL) values ('144','137','Gate 1','Terminal1 Manchester');
Insert into GATE (GATEID,FLUGHAFENID,KBZ,TERMINAL) values ('145','136','Gate 1','Terminal 1 Prag');
Insert into GATE (GATEID,FLUGHAFENID,KBZ,TERMINAL) values ('155','127','Gate 2','Terminal A Barcelona');
Insert into GATE (GATEID,FLUGHAFENID,KBZ,TERMINAL) values ('705','323','Gate 5','Stockholm Arlanda');


--------------------------------------------------------
--  INSERTING into table FLUG
--------------------------------------------------------
Insert into FLUG (FLUGID,FLUGZEUGID,GATEID,FLUGHAFEN_ABFLUG,FLUGHAFEN_DESTINATION,FLUGNUMMER,DAUER,ABFLUGZEIT) values ('1','12','1','1','10','OS1467','8',to_timestamp('21.10.2007 18:35:00','DD.MM.YYYY HH24:MI:SS'));
Insert into FLUG (FLUGID,FLUGZEUGID,GATEID,FLUGHAFEN_ABFLUG,FLUGHAFEN_DESTINATION,FLUGNUMMER,DAUER,ABFLUGZEIT) values ('16','156','119','115','120','AB4741','1',to_timestamp('28.10.2007 17:30:00','DD.MM.YYYY HH24:MI:SS'));
Insert into FLUG (FLUGID,FLUGZEUGID,GATEID,FLUGHAFEN_ABFLUG,FLUGHAFEN_DESTINATION,FLUGNUMMER,DAUER,ABFLUGZEIT) values ('17','156','120','121','116','AB9264','4',to_timestamp('28.12.2015 11:10:00','DD.MM.YYYY HH24:MI:SS'));
Insert into FLUG (FLUGID,FLUGZEUGID,GATEID,FLUGHAFEN_ABFLUG,FLUGHAFEN_DESTINATION,FLUGNUMMER,DAUER,ABFLUGZEIT) values ('18','157','121','117','122','HG8515','4',to_timestamp('29.10.2007 08:45:00','DD.MM.YYYY HH24:MI:SS'));
Insert into FLUG (FLUGID,FLUGZEUGID,GATEID,FLUGHAFEN_ABFLUG,FLUGHAFEN_DESTINATION,FLUGNUMMER,DAUER,ABFLUGZEIT) values ('19','157','122','118','119','AB8041','4',to_timestamp('30.10.2007 14:30:00','DD.MM.YYYY HH24:MI:SS'));
Insert into FLUG (FLUGID,FLUGZEUGID,GATEID,FLUGHAFEN_ABFLUG,FLUGHAFEN_DESTINATION,FLUGNUMMER,DAUER,ABFLUGZEIT) values ('20','168','1','123','125','OS9423','20',to_timestamp('09.12.2007 20:00:00','DD.MM.YYYY HH24:MI:SS'));
Insert into FLUG (FLUGID,FLUGZEUGID,GATEID,FLUGHAFEN_ABFLUG,FLUGHAFEN_DESTINATION,FLUGNUMMER,DAUER,ABFLUGZEIT) values ('23','169','123','119','126','OS7511','23',to_timestamp('10.12.2015 07:00:00','DD.MM.YYYY HH24:MI:SS'));
Insert into FLUG (FLUGID,FLUGZEUGID,GATEID,FLUGHAFEN_ABFLUG,FLUGHAFEN_DESTINATION,FLUGNUMMER,DAUER,ABFLUGZEIT) values ('24','170','127','127','128','AF3012','2',to_timestamp('21.11.2007 19:49:39','DD.MM.YYYY HH24:MI:SS'));
Insert into FLUG (FLUGID,FLUGZEUGID,GATEID,FLUGHAFEN_ABFLUG,FLUGHAFEN_DESTINATION,FLUGNUMMER,DAUER,ABFLUGZEIT) values ('25','170','128','128','127','AF3013','2',to_timestamp('21.11.2007 19:49:41','DD.MM.YYYY HH24:MI:SS'));
Insert into FLUG (FLUGID,FLUGZEUGID,GATEID,FLUGHAFEN_ABFLUG,FLUGHAFEN_DESTINATION,FLUGNUMMER,DAUER,ABFLUGZEIT) values ('26','170','155','127','128','AF2566','2',to_timestamp('21.11.2007 20:49:43','DD.MM.YYYY HH24:MI:SS'));
Insert into FLUG (FLUGID,FLUGZEUGID,GATEID,FLUGHAFEN_ABFLUG,FLUGHAFEN_DESTINATION,FLUGNUMMER,DAUER,ABFLUGZEIT) values ('27','170','128','116','127','AF2567','2',to_timestamp('21.11.2007 19:49:46','DD.MM.YYYY HH24:MI:SS'));
Insert into FLUG (FLUGID,FLUGZEUGID,GATEID,FLUGHAFEN_ABFLUG,FLUGHAFEN_DESTINATION,FLUGNUMMER,DAUER,ABFLUGZEIT) values ('40','12','1','1','10','OS1468','8',to_timestamp('08.12.2015 16:51:53','DD.MM.YYYY HH24:MI:SS'));
Insert into FLUG (FLUGID,FLUGZEUGID,GATEID,FLUGHAFEN_ABFLUG,FLUGHAFEN_DESTINATION,FLUGNUMMER,DAUER,ABFLUGZEIT) values ('33','191','136','132','116','NE3312','1',to_timestamp('31.10.2020 07:15:55','DD.MM.YYYY HH24:MI:SS'));
Insert into FLUG (FLUGID,FLUGZEUGID,GATEID,FLUGHAFEN_ABFLUG,FLUGHAFEN_DESTINATION,FLUGNUMMER,DAUER,ABFLUGZEIT) values ('37','192','127','116','1','NE3123','3',to_timestamp('28.12.2015 18:30:00','DD.MM.YYYY HH24:MI:SS'));
Insert into FLUG (FLUGID,FLUGZEUGID,GATEID,FLUGHAFEN_ABFLUG,FLUGHAFEN_DESTINATION,FLUGNUMMER,DAUER,ABFLUGZEIT) values ('38','192','145','136','137','NE3343','1',to_timestamp('30.10.2020 07:08:20','DD.MM.YYYY HH24:MI:SS'));
Insert into FLUG (FLUGID,FLUGZEUGID,GATEID,FLUGHAFEN_ABFLUG,FLUGHAFEN_DESTINATION,FLUGNUMMER,DAUER,ABFLUGZEIT) values ('39','191','142','134','135','NE3323','2',to_timestamp('31.10.2020 07:09:50','DD.MM.YYYY HH24:MI:SS'));
Insert into FLUG (FLUGID,FLUGZEUGID,GATEID,FLUGHAFEN_ABFLUG,FLUGHAFEN_DESTINATION,FLUGNUMMER,DAUER,ABFLUGZEIT) values ('45','192','705','1','323','OS3133','2',to_timestamp('08.11.2015 00:00:00','DD.MM.YYYY HH24:MI:SS'));


--------------------------------------------------------
--  INSERTING into table CREW
--------------------------------------------------------
Insert into CREW (FLUGID,PERSONID) values ('1','2');
Insert into CREW (FLUGID,PERSONID) values ('1','3');
Insert into CREW (FLUGID,PERSONID) values ('1','4');
Insert into CREW (FLUGID,PERSONID) values ('16','89');
Insert into CREW (FLUGID,PERSONID) values ('16','90');
Insert into CREW (FLUGID,PERSONID) values ('16','91');
Insert into CREW (FLUGID,PERSONID) values ('16','92');
Insert into CREW (FLUGID,PERSONID) values ('16','93');
Insert into CREW (FLUGID,PERSONID) values ('17','84');
Insert into CREW (FLUGID,PERSONID) values ('17','85');
Insert into CREW (FLUGID,PERSONID) values ('17','86');
Insert into CREW (FLUGID,PERSONID) values ('17','87');
Insert into CREW (FLUGID,PERSONID) values ('17','88');
Insert into CREW (FLUGID,PERSONID) values ('18','89');
Insert into CREW (FLUGID,PERSONID) values ('18','90');
Insert into CREW (FLUGID,PERSONID) values ('18','92');
Insert into CREW (FLUGID,PERSONID) values ('19','84');
Insert into CREW (FLUGID,PERSONID) values ('19','85');
Insert into CREW (FLUGID,PERSONID) values ('19','86');
Insert into CREW (FLUGID,PERSONID) values ('19','92');
Insert into CREW (FLUGID,PERSONID) values ('19','114');
Insert into CREW (FLUGID,PERSONID) values ('20','114');
Insert into CREW (FLUGID,PERSONID) values ('20','117');
Insert into CREW (FLUGID,PERSONID) values ('20','123');
Insert into CREW (FLUGID,PERSONID) values ('20','124');
Insert into CREW (FLUGID,PERSONID) values ('23','115');
Insert into CREW (FLUGID,PERSONID) values ('23','116');
Insert into CREW (FLUGID,PERSONID) values ('23','117');
Insert into CREW (FLUGID,PERSONID) values ('23','121');
Insert into CREW (FLUGID,PERSONID) values ('24','150');
Insert into CREW (FLUGID,PERSONID) values ('24','151');
Insert into CREW (FLUGID,PERSONID) values ('24','152');
Insert into CREW (FLUGID,PERSONID) values ('24','153');
Insert into CREW (FLUGID,PERSONID) values ('24','154');
Insert into CREW (FLUGID,PERSONID) values ('25','150');
Insert into CREW (FLUGID,PERSONID) values ('25','151');
Insert into CREW (FLUGID,PERSONID) values ('25','152');
Insert into CREW (FLUGID,PERSONID) values ('25','153');
Insert into CREW (FLUGID,PERSONID) values ('25','154');
Insert into CREW (FLUGID,PERSONID) values ('26','150');
Insert into CREW (FLUGID,PERSONID) values ('26','151');
Insert into CREW (FLUGID,PERSONID) values ('26','152');
Insert into CREW (FLUGID,PERSONID) values ('26','153');
Insert into CREW (FLUGID,PERSONID) values ('26','154');
Insert into CREW (FLUGID,PERSONID) values ('27','150');
Insert into CREW (FLUGID,PERSONID) values ('27','151');
Insert into CREW (FLUGID,PERSONID) values ('27','152');
Insert into CREW (FLUGID,PERSONID) values ('27','153');
Insert into CREW (FLUGID,PERSONID) values ('27','154');
Insert into CREW (FLUGID,PERSONID) values ('33','174');
Insert into CREW (FLUGID,PERSONID) values ('33','179');
Insert into CREW (FLUGID,PERSONID) values ('33','184');
Insert into CREW (FLUGID,PERSONID) values ('33','186');
Insert into CREW (FLUGID,PERSONID) values ('38','174');
Insert into CREW (FLUGID,PERSONID) values ('38','179');
Insert into CREW (FLUGID,PERSONID) values ('38','184');
Insert into CREW (FLUGID,PERSONID) values ('38','186');


--------------------------------------------------------
--  INSERTING into table PASSAGIERLISTE
--------------------------------------------------------
Insert into PASSAGIERLISTE (FLUGID,PERSONID,SITZPLATZNUMMER) values ('1','5','12A');
Insert into PASSAGIERLISTE (FLUGID,PERSONID,SITZPLATZNUMMER) values ('1','6','14C');
Insert into PASSAGIERLISTE (FLUGID,PERSONID,SITZPLATZNUMMER) values ('1','12','1B');
Insert into PASSAGIERLISTE (FLUGID,PERSONID,SITZPLATZNUMMER) values ('1','19','10B');
Insert into PASSAGIERLISTE (FLUGID,PERSONID,SITZPLATZNUMMER) values ('16','64','1');
Insert into PASSAGIERLISTE (FLUGID,PERSONID,SITZPLATZNUMMER) values ('16','65','2');
Insert into PASSAGIERLISTE (FLUGID,PERSONID,SITZPLATZNUMMER) values ('16','66','3');
Insert into PASSAGIERLISTE (FLUGID,PERSONID,SITZPLATZNUMMER) values ('16','67','4');
Insert into PASSAGIERLISTE (FLUGID,PERSONID,SITZPLATZNUMMER) values ('16','68','5');
Insert into PASSAGIERLISTE (FLUGID,PERSONID,SITZPLATZNUMMER) values ('17','69','6');
Insert into PASSAGIERLISTE (FLUGID,PERSONID,SITZPLATZNUMMER) values ('17','66','7');
Insert into PASSAGIERLISTE (FLUGID,PERSONID,SITZPLATZNUMMER) values ('17','71','8');
Insert into PASSAGIERLISTE (FLUGID,PERSONID,SITZPLATZNUMMER) values ('17','72','9');
Insert into PASSAGIERLISTE (FLUGID,PERSONID,SITZPLATZNUMMER) values ('17','73','10');
Insert into PASSAGIERLISTE (FLUGID,PERSONID,SITZPLATZNUMMER) values ('23','103','212C');
Insert into PASSAGIERLISTE (FLUGID,PERSONID,SITZPLATZNUMMER) values ('23','102','217B');
Insert into PASSAGIERLISTE (FLUGID,PERSONID,SITZPLATZNUMMER) values ('23','101','5A');
Insert into PASSAGIERLISTE (FLUGID,PERSONID,SITZPLATZNUMMER) values ('23','100','12D');
Insert into PASSAGIERLISTE (FLUGID,PERSONID,SITZPLATZNUMMER) values ('23','99','307');
Insert into PASSAGIERLISTE (FLUGID,PERSONID,SITZPLATZNUMMER) values ('20','98','77C');
Insert into PASSAGIERLISTE (FLUGID,PERSONID,SITZPLATZNUMMER) values ('20','96','111A');
Insert into PASSAGIERLISTE (FLUGID,PERSONID,SITZPLATZNUMMER) values ('20','95','209B');
Insert into PASSAGIERLISTE (FLUGID,PERSONID,SITZPLATZNUMMER) values ('20','94','301C');
Insert into PASSAGIERLISTE (FLUGID,PERSONID,SITZPLATZNUMMER) values ('20','108','11D');
Insert into PASSAGIERLISTE (FLUGID,PERSONID,SITZPLATZNUMMER) values ('24','125','22');
Insert into PASSAGIERLISTE (FLUGID,PERSONID,SITZPLATZNUMMER) values ('25','125','22');
Insert into PASSAGIERLISTE (FLUGID,PERSONID,SITZPLATZNUMMER) values ('26','125','22');
Insert into PASSAGIERLISTE (FLUGID,PERSONID,SITZPLATZNUMMER) values ('27','125','22');
Insert into PASSAGIERLISTE (FLUGID,PERSONID,SITZPLATZNUMMER) values ('24','126','23');
Insert into PASSAGIERLISTE (FLUGID,PERSONID,SITZPLATZNUMMER) values ('25','126','23');
Insert into PASSAGIERLISTE (FLUGID,PERSONID,SITZPLATZNUMMER) values ('26','126','23');
Insert into PASSAGIERLISTE (FLUGID,PERSONID,SITZPLATZNUMMER) values ('27','126','23');
Insert into PASSAGIERLISTE (FLUGID,PERSONID,SITZPLATZNUMMER) values ('24','127','24');
Insert into PASSAGIERLISTE (FLUGID,PERSONID,SITZPLATZNUMMER) values ('25','127','24');
Insert into PASSAGIERLISTE (FLUGID,PERSONID,SITZPLATZNUMMER) values ('26','127','24');
Insert into PASSAGIERLISTE (FLUGID,PERSONID,SITZPLATZNUMMER) values ('27','127','24');
Insert into PASSAGIERLISTE (FLUGID,PERSONID,SITZPLATZNUMMER) values ('24','128','25');
Insert into PASSAGIERLISTE (FLUGID,PERSONID,SITZPLATZNUMMER) values ('25','128','25');
Insert into PASSAGIERLISTE (FLUGID,PERSONID,SITZPLATZNUMMER) values ('26','128','25');
Insert into PASSAGIERLISTE (FLUGID,PERSONID,SITZPLATZNUMMER) values ('27','67','25');
Insert into PASSAGIERLISTE (FLUGID,PERSONID,SITZPLATZNUMMER) values ('24','129','26');
Insert into PASSAGIERLISTE (FLUGID,PERSONID,SITZPLATZNUMMER) values ('25','129','26');
Insert into PASSAGIERLISTE (FLUGID,PERSONID,SITZPLATZNUMMER) values ('26','129','26');
Insert into PASSAGIERLISTE (FLUGID,PERSONID,SITZPLATZNUMMER) values ('27','129','26');
Insert into PASSAGIERLISTE (FLUGID,PERSONID,SITZPLATZNUMMER) values ('24','130','27');
Insert into PASSAGIERLISTE (FLUGID,PERSONID,SITZPLATZNUMMER) values ('25','130','27');
Insert into PASSAGIERLISTE (FLUGID,PERSONID,SITZPLATZNUMMER) values ('26','130','27');
Insert into PASSAGIERLISTE (FLUGID,PERSONID,SITZPLATZNUMMER) values ('27','130','27');
Insert into PASSAGIERLISTE (FLUGID,PERSONID,SITZPLATZNUMMER) values ('24','131','28');
Insert into PASSAGIERLISTE (FLUGID,PERSONID,SITZPLATZNUMMER) values ('25','131','28');
Insert into PASSAGIERLISTE (FLUGID,PERSONID,SITZPLATZNUMMER) values ('26','131','28');
Insert into PASSAGIERLISTE (FLUGID,PERSONID,SITZPLATZNUMMER) values ('27','131','28');
Insert into PASSAGIERLISTE (FLUGID,PERSONID,SITZPLATZNUMMER) values ('24','132','29');
Insert into PASSAGIERLISTE (FLUGID,PERSONID,SITZPLATZNUMMER) values ('25','132','29');
Insert into PASSAGIERLISTE (FLUGID,PERSONID,SITZPLATZNUMMER) values ('26','132','29');
Insert into PASSAGIERLISTE (FLUGID,PERSONID,SITZPLATZNUMMER) values ('27','65','29');
Insert into PASSAGIERLISTE (FLUGID,PERSONID,SITZPLATZNUMMER) values ('24','133','30');
Insert into PASSAGIERLISTE (FLUGID,PERSONID,SITZPLATZNUMMER) values ('25','133','30');
Insert into PASSAGIERLISTE (FLUGID,PERSONID,SITZPLATZNUMMER) values ('26','133','30');
Insert into PASSAGIERLISTE (FLUGID,PERSONID,SITZPLATZNUMMER) values ('27','133','30');
Insert into PASSAGIERLISTE (FLUGID,PERSONID,SITZPLATZNUMMER) values ('24','136','31');
Insert into PASSAGIERLISTE (FLUGID,PERSONID,SITZPLATZNUMMER) values ('25','136','31');
Insert into PASSAGIERLISTE (FLUGID,PERSONID,SITZPLATZNUMMER) values ('26','136','31');
Insert into PASSAGIERLISTE (FLUGID,PERSONID,SITZPLATZNUMMER) values ('27','136','31');
Insert into PASSAGIERLISTE (FLUGID,PERSONID,SITZPLATZNUMMER) values ('24','6','12');
Insert into PASSAGIERLISTE (FLUGID,PERSONID,SITZPLATZNUMMER) values ('24','12','13');
Insert into PASSAGIERLISTE (FLUGID,PERSONID,SITZPLATZNUMMER) values ('24','102','18');
Insert into PASSAGIERLISTE (FLUGID,PERSONID,SITZPLATZNUMMER) values ('33','175','1A');
Insert into PASSAGIERLISTE (FLUGID,PERSONID,SITZPLATZNUMMER) values ('33','176','1B');
Insert into PASSAGIERLISTE (FLUGID,PERSONID,SITZPLATZNUMMER) values ('33','177','1C');
Insert into PASSAGIERLISTE (FLUGID,PERSONID,SITZPLATZNUMMER) values ('33','178','2A');
Insert into PASSAGIERLISTE (FLUGID,PERSONID,SITZPLATZNUMMER) values ('33','196','5B');
Insert into PASSAGIERLISTE (FLUGID,PERSONID,SITZPLATZNUMMER) values ('38','182','1A');
Insert into PASSAGIERLISTE (FLUGID,PERSONID,SITZPLATZNUMMER) values ('38','183','1B');
Insert into PASSAGIERLISTE (FLUGID,PERSONID,SITZPLATZNUMMER) values ('38','181','1C');
Insert into PASSAGIERLISTE (FLUGID,PERSONID,SITZPLATZNUMMER) values ('38','180','2A');
Insert into PASSAGIERLISTE (FLUGID,PERSONID,SITZPLATZNUMMER) values ('38','191','5B');
Insert into PASSAGIERLISTE (FLUGID,PERSONID,SITZPLATZNUMMER) values ('27','200','1');
Insert into PASSAGIERLISTE (FLUGID,PERSONID,SITZPLATZNUMMER) values ('45','300','6A');
Insert into PASSAGIERLISTE (FLUGID,PERSONID,SITZPLATZNUMMER) values ('45','301','6B');
Insert into PASSAGIERLISTE (FLUGID,PERSONID,SITZPLATZNUMMER) values ('45','302','6C');


--------------------------------------------------------
--  INSERTING into table GEPAECK
--------------------------------------------------------
Insert into GEPAECK (GEPAECKID,PERSONID,FLUGID,GEWICHT) values ('1','5','1','13');
Insert into GEPAECK (GEPAECKID,PERSONID,FLUGID,GEWICHT) values ('2','5','1','5');
Insert into GEPAECK (GEPAECKID,PERSONID,FLUGID,GEWICHT) values ('3','6','1','15');
Insert into GEPAECK (GEPAECKID,PERSONID,FLUGID,GEWICHT) values ('4','6','1','10');
Insert into GEPAECK (GEPAECKID,PERSONID,FLUGID,GEWICHT) values ('5','12','1','22');
Insert into GEPAECK (GEPAECKID,PERSONID,FLUGID,GEWICHT) values ('6','12','1','28');
Insert into GEPAECK (GEPAECKID,PERSONID,FLUGID,GEWICHT) values ('7','19','1','19.5');
Insert into GEPAECK (GEPAECKID,PERSONID,FLUGID,GEWICHT) values ('8','6','24','17');
Insert into GEPAECK (GEPAECKID,PERSONID,FLUGID,GEWICHT) values ('9','6','24','23');
Insert into GEPAECK (GEPAECKID,PERSONID,FLUGID,GEWICHT) values ('10','6','24','7');
Insert into GEPAECK (GEPAECKID,PERSONID,FLUGID,GEWICHT) values ('11','12','24','15');
Insert into GEPAECK (GEPAECKID,PERSONID,FLUGID,GEWICHT) values ('12','102','24','14');
Insert into GEPAECK (GEPAECKID,PERSONID,FLUGID,GEWICHT) values ('13','102','24','8');
Insert into GEPAECK (GEPAECKID,PERSONID,FLUGID,GEWICHT) values ('14','300','45','10');
Insert into GEPAECK (GEPAECKID,PERSONID,FLUGID,GEWICHT) values ('15','300','45','9');
Insert into GEPAECK (GEPAECKID,PERSONID,FLUGID,GEWICHT) values ('16','301','45','20');
Insert into GEPAECK (GEPAECKID,PERSONID,FLUGID,GEWICHT) values ('17','301','45','5');
Insert into GEPAECK (GEPAECKID,PERSONID,FLUGID,GEWICHT) values ('18','302','45','14');
Insert into GEPAECK (GEPAECKID,PERSONID,FLUGID,GEWICHT) values ('19','302','45','12');

COMMIT;
